license_type,dba_name,account_business_street,license_number,account_business_city,account_business_state_province,account_business_zip_postal_code,classification,full_address,lon,lat
Pharmacy,Price Chopper Pharmacy #416,2219 N Belt Hwy,2016032950,Saint Joseph,Missouri,64506,Class A (Community/Ambulatory); Class J (Shared Services),"2219 N Belt Hwy, Saint Joseph, Missouri, 64506",-94.8024355,39.7863799
Pharmacy,Hermann Family Drug Store,195 Hwy 100 W,2016028602,Hermann,Missouri,65041,Class A (Community/Ambulatory); Class C (Long-Term Care),"195 Hwy 100 W, Hermann, Missouri, 65041",-91.44950299999999,38.686851
Pharmacy,CVS Pharmacy #10334,10820 Manchester Rd,2016039480,Kirkwood,Missouri,63122,Class A (Community/Ambulatory); Class C (Long-Term Care); Class D (Non-Sterile Compounding); Class J (Shared Services),"10820 Manchester Rd, Kirkwood, Missouri, 63122",-90.406702,38.5996337
Pharmacy,Walmart Pharmacy 10-4590,3410 SW Market St,2017004719,Lees Summit,Missouri,64082,Class A (Community/Ambulatory); Class J (Shared Services),"3410 SW Market St, Lees Summit, Missouri, 64082",-94.3780992,38.857021
Pharmacy,Leighr Pharmacy,1170 Kansas Street,2017015705,Liberty,Missouri,64068,Class A (Community/Ambulatory); Class C (Long-Term Care); Class D (Non-Sterile Compounding),"1170 Kansas Street, Liberty, Missouri, 64068",-94.44080029999999,39.2451952
Pharmacy,Walgreens #15820,605 N Main St,2017006066,Ironton,Missouri,63650,Class A (Community/Ambulatory); Class C (Long-Term Care); Class J (Shared Services),"605 N Main St, Ironton, Missouri, 63650",-90.62796639999999,37.6067195
Pharmacy,"Ava Drug #15726, Powered by Walgreens",124 W Washington Ave PO Box 457,2017006067,Ava,Missouri,65608-6504,Class A (Community/Ambulatory); Class C (Long-Term Care); Class J (Shared Services),"124 W Washington Ave PO Box 457, Ava, Missouri, 65608-6504",-92.6610457,36.9523597
Pharmacy,"Mansfield Drug #15731, Powered by Walgreens",101 N Business Hwy 60,2017006073,Mansfield,Missouri,65704,Class A (Community/Ambulatory); Class C (Long-Term Care); Class J (Shared Services),"101 N Business Hwy 60, Mansfield, Missouri, 65704",-92.58146194706497,37.1078953500947
Pharmacy,"Seymour Pharmacy #15732, Powered by Walgreens",214 S Main St,2017006072,Seymour,Missouri,65746,Class A (Community/Ambulatory); Class C (Long-Term Care); Class D (Non-Sterile Compounding); Class J (Shared Services),"214 S Main St, Seymour, Missouri, 65746",-92.76796999999999,37.14662879999999
Pharmacy,Walgreens #15800,904 W Business Hwy 60,2017006071,Dexter,Missouri,63841,Class A (Community/Ambulatory); Class C (Long-Term Care); Class J (Shared Services),"904 W Business Hwy 60, Dexter, Missouri, 63841",-89.9821934,36.8063208
Pharmacy,Walgreens #15821,903 Benham,2017006076,Bonne Terre,Missouri,63628,Class A (Community/Ambulatory); Class C (Long-Term Care); Class J (Shared Services),"903 Benham, Bonne Terre, Missouri, 63628",-90.5413841,37.922147
Pharmacy,Walgreens #15730,3222 S Main St,2017006070,Joplin,Missouri,64804,Class A (Community/Ambulatory); Class C (Long-Term Care); Class J (Shared Services),"3222 S Main St, Joplin, Missouri, 64804",-94.5157105,37.0540042
Pharmacy,Walgreens Specialty Pharmacy #16552,"628 N. New Ballas Rd., Ste A",2017010271,Creve Coeur,Missouri,63141,Class A (Community/Ambulatory); Class C (Long-Term Care); Class D (Non-Sterile Compounding); Class J (Shared Services),"628 N. New Ballas Rd., Ste A, Creve Coeur, Missouri, 63141",-90.4430486,38.6673054
Pharmacy,Costco Pharmacy #1268,1600 NW 88th St.,2017012863,Kansas City,Missouri,64155,Class A (Community/Ambulatory); Class J (Shared Services),"1600 NW 88th St., Kansas City, Missouri, 64155",-94.5992065,39.254045
Pharmacy,"Advocates for a Healthy Community, Inc.",860 Lynn St.,2017013552,Lebanon,Missouri,65536,Class A (Community/Ambulatory); Class C (Long-Term Care); Class J (Shared Services),"860 Lynn St., Lebanon, Missouri, 65536",-92.66693,37.6957852
Pharmacy,Mercy Pharmacy Olive-Mason,"12680 Olive Blvd., Ste. 150",2017022765,Saint Louis,Missouri,63141,Class A (Community/Ambulatory); Class D (Non-Sterile Compounding); Class J (Shared Services),"12680 Olive Blvd., Ste. 150, Saint Louis, Missouri, 63141",-90.47040679999999,38.6781494
Pharmacy,Mercy Pharmacy Medical Tower A/B,"621 S. New Ballas, Ste. 20-A",2017022761,Saint Louis,Missouri,63141,Class A (Community/Ambulatory); Class D (Non-Sterile Compounding); Class J (Shared Services),"621 S. New Ballas, Ste. 20-A, Saint Louis, Missouri, 63141",-90.4458434,38.6436323
Pharmacy,Mercy Pharmacy Patients First,901 Patients First Dr,2017022284,Washington,Missouri,63090,Class A (Community/Ambulatory); Class D (Non-Sterile Compounding); Class J (Shared Services),"901 Patients First Dr, Washington, Missouri, 63090",-91.0041493,38.54840799999999
Pharmacy,Mercy Pharmacy Washington,851 E 5th St Ste 104,2017022767,Washington,Missouri,63090,Class A (Community/Ambulatory); Class C (Long-Term Care); Class D (Non-Sterile Compounding); Class J (Shared Services),"851 E 5th St Ste 104, Washington, Missouri, 63090",-91.00212409999999,38.552588
Pharmacy,Mercy Pharmacy Jefferson,1400 US Hwy 61 S Ste S1100,2017022768,Festus,Missouri,63028,Class A (Community/Ambulatory); Class C (Long-Term Care); Class D (Non-Sterile Compounding); Class J (Shared Services),"1400 US Hwy 61 S Ste S1100, Festus, Missouri, 63028",-90.3934464,38.1958228
Pharmacy,CVS/pharmacy #10444,601 Center Dr.,2017027150,Sainte Genevieve,Missouri,63670,Class A (Community/Ambulatory); Class C (Long-Term Care); Class D (Non-Sterile Compounding); Class J (Shared Services),"601 Center Dr., Sainte Genevieve, Missouri, 63670",-90.0482667,37.9706206
Pharmacy,Mercy Pharmacy Fremont,1965 S. Fremont Ste 140,2017027476,Springfield,Missouri,65804,Class A (Community/Ambulatory); Class J (Shared Services),"1965 S. Fremont Ste 140, Springfield, Missouri, 65804",-93.2724267,37.1785611
Pharmacy,Mercy Pharmacy Springfield Mercy Virtual Pharmacy MSU,1235 E Cherokee St.,2017027479,Springfield,Missouri,65804,Class A (Community/Ambulatory); Class D (Non-Sterile Compounding); Class J (Shared Services),"1235 E Cherokee St., Springfield, Missouri, 65804",-93.27522929999999,37.1784987
Pharmacy,Mercy Pharmacy SGC,3231 S. National Ave. Ste 110,2017027477,Springfield,Missouri,65807,Class A (Community/Ambulatory); Class J (Shared Services),"3231 S. National Ave. Ste 110, Springfield, Missouri, 65807",-93.27954989999999,37.1554548
Pharmacy,Mercy Pharmacy Nixa,940 West Vernon Ste 130,2017027475,Nixa,Missouri,65714,Class A (Community/Ambulatory); Class J (Shared Services),"940 West Vernon Ste 130, Nixa, Missouri, 65714",-93.3041346,37.036338
Pharmacy,Mercy Pharmacy Joplin,"100 Mercy Way, Ste 2369",2017027474,Joplin,Missouri,64804,Class A (Community/Ambulatory); Class J (Shared Services),"100 Mercy Way, Ste 2369, Joplin, Missouri, 64804",-94.509759,37.0365472
Pharmacy,Centerwell Pharmacy Inc,301 E Armour Blvd Suite 2-East,2017037566,Kansas City,Missouri,64111,Class A (Community/Ambulatory),"301 E Armour Blvd Suite 2-East, Kansas City, Missouri, 64111",-94.5815678,39.0629143
Pharmacy,AuBurn Pharmacy #280,113 East US Hwy 54,2017036683,Camdenton,Missouri,65020,Class A (Community/Ambulatory); Class C (Long-Term Care); Class D (Non-Sterile Compounding); Class G (Medical Gas); Class J (Shared Services),"113 East US Hwy 54, Camdenton, Missouri, 65020",-92.7446289,38.0080902
Pharmacy,AuBurn Pharmacy #250,301 N 14th St PO Box 70,2017035701,Rich Hill,Missouri,64779,Class A (Community/Ambulatory); Class C (Long-Term Care); Class D (Non-Sterile Compounding); Class J (Shared Services),"301 N 14th St PO Box 70, Rich Hill, Missouri, 64779",-94.3508135,38.09868489999999
Pharmacy,"Health Care Pharmacy of Perryville, LLC",628 N Old St. Mary's Rd,2017038581,Perryville,Missouri,63775,Class A (Community/Ambulatory); Class C (Long-Term Care),"628 N Old St. Mary's Rd, Perryville, Missouri, 63775",-89.8691472,37.7315858
Pharmacy,Parkland Pharmacy,420 Piedmont Ave,2019045771,Piedmont,Missouri,63957,Class A (Community/Ambulatory); Class J (Shared Services),"420 Piedmont Ave, Piedmont, Missouri, 63957",-90.68052820000001,37.1683016
Pharmacy,AuBurn Pharmacy #255,54 B SE 1st Lane,2017039555,Lamar,Missouri,64759,Class A (Community/Ambulatory); Class C (Long-Term Care); Class D (Non-Sterile Compounding); Class J (Shared Services),"54 B SE 1st Lane, Lamar, Missouri, 64759",-94.2972542,37.4927189
Pharmacy,Infinium Pharmacy Republic,6129 US Hwy 60 W,2017040311,Brookline,Missouri,65619,Class A (Community/Ambulatory); Class C (Long-Term Care); Class J (Shared Services),"6129 US Hwy 60 W, Brookline, Missouri, 65619",-93.412089919246,37.15593696138575
Pharmacy,AuBurn LTC Nevada,125 S Washington St Ste 200,2017042337,Nevada,Missouri,64772,Class A (Community/Ambulatory); Class C (Long-Term Care); Class D (Non-Sterile Compounding); Class H (Sterile Product Compounding); Class J (Shared Services),"125 S Washington St Ste 200, Nevada, Missouri, 64772",-94.35505859999999,37.8373651
Pharmacy,Sinks Pharmacy,124 N Old Hwy 66,2018001550,Bourbon,Missouri,65441,Class A (Community/Ambulatory); Class C (Long-Term Care); Class J (Shared Services),"124 N Old Hwy 66, Bourbon, Missouri, 65441",-91.2482895,38.1521672
Pharmacy,Parkland Pharmacy,806 Valley Creek Dr,2018001903,Farmington,Missouri,63640,Class A (Community/Ambulatory); Class C (Long-Term Care); Class J (Shared Services),"806 Valley Creek Dr, Farmington, Missouri, 63640",-90.4400496,37.7909849
Pharmacy,Excel Pharmacy,505 Salt Lick Rd,2018005551,Saint Peters,Missouri,63376,Class A (Community/Ambulatory); Class D (Non-Sterile Compounding); Class J (Shared Services),"505 Salt Lick Rd, Saint Peters, Missouri, 63376",-90.6579277,38.7951281
Pharmacy,Roberts Drug Store,3501 W Truman Blvd  Ste H,2018007651,Jefferson City,Missouri,65109,Class A (Community/Ambulatory); Class C (Long-Term Care),"3501 W Truman Blvd  Ste H, Jefferson City, Missouri, 65109",-92.24986240000001,38.5903663
Pharmacy,Sefora Pharmacy,5819 S Lindbergh Blvd,2022010624,Saint Louis,Missouri,63123,Class A (Community/Ambulatory); Class C (Long-Term Care); Class D (Non-Sterile Compounding),"5819 S Lindbergh Blvd, Saint Louis, Missouri, 63123",-90.3478773,38.5215495
Pharmacy,GreaterHealth Pharmacy & Wellness,"5503 Delmar Blvd, Ste B",2022025032,Saint Louis,Missouri,63112,Class A (Community/Ambulatory); Class C (Long-Term Care),"5503 Delmar Blvd, Ste B, Saint Louis, Missouri, 63112",-90.2794126,38.6539963
Pharmacy,Gerbes Pharmacy #118,2101 Schotthill Woods Dr,2018013381,Jefferson City,Missouri,65101,Class A (Community/Ambulatory),"2101 Schotthill Woods Dr, Jefferson City, Missouri, 65101",-92.1473387,38.5486559
Pharmacy,Gerbes Pharmacy #125,2900 N Paris Rd,2018013327,Columbia,Missouri,65202,Class A (Community/Ambulatory),"2900 N Paris Rd, Columbia, Missouri, 65202",-92.29349140000001,38.9804789
Pharmacy,Ozark Pharmacy,2725 N Westwood Blvd,2022029944,Poplar Bluff,Missouri,63901,Class A (Community/Ambulatory),"2725 N Westwood Blvd, Poplar Bluff, Missouri, 63901",-90.4294347,36.7847207
Pharmacy,CVS/pharmacy #11308,400 W Clay Avenue,2018019292,Plattsburg,Missouri,64477,Class A (Community/Ambulatory); Class C (Long-Term Care); Class D (Non-Sterile Compounding); Class J (Shared Services),"400 W Clay Avenue, Plattsburg, Missouri, 64477",-94.4517252,39.5645919
Pharmacy,CVS/pharmacy #11313,101 South 2nd Street,2018019298,Odessa,Missouri,64076,Class A (Community/Ambulatory); Class C (Long-Term Care); Class D (Non-Sterile Compounding); Class J (Shared Services),"101 South 2nd Street, Odessa, Missouri, 64076",-93.9538998,39.00027619999999
Pharmacy,CVS/pharmacy #11312,1030 Main Street,2018020712,Lexington,Missouri,64067,Class A (Community/Ambulatory); Class C (Long-Term Care); Class D (Non-Sterile Compounding); Class J (Shared Services),"1030 Main Street, Lexington, Missouri, 64067",-93.8823419,39.1857903
Pharmacy,CVS/pharmacy #11314,1105 North Rutherford,2018020708,Macon,Missouri,63552,Class A (Community/Ambulatory); Class C (Long-Term Care); Class D (Non-Sterile Compounding); Class J (Shared Services),"1105 North Rutherford, Macon, Missouri, 63552",-92.4699998,39.7481826
Pharmacy,CVS/pharmacy #11316,941 Cherokee Dr Ste 1,2018020709,Marshall,Missouri,65340,Class A (Community/Ambulatory); Class C (Long-Term Care); Class D (Non-Sterile Compounding); Class J (Shared Services),"941 Cherokee Dr Ste 1, Marshall, Missouri, 65340",-93.2145951,39.1104622
Pharmacy,Genoa Healthcare LLC,154 Forrest Drive Room 176,2018025615,Hannibal,Missouri,63401,Class A (Community/Ambulatory); Class C (Long-Term Care); Class J (Shared Services),"154 Forrest Drive Room 176, Hannibal, Missouri, 63401",-91.4449851,39.7066975
Pharmacy,Healthy Life Pharmacy,1013 Cedar St Ste B,2022032528,Bismarck,Missouri,63624,Class A (Community/Ambulatory); Class C (Long-Term Care),"1013 Cedar St Ste B, Bismarck, Missouri, 63624",-90.62550139999999,37.769541
Pharmacy,Symbria Rx Services St. Louis,2248 Welsch Industrial Court,2018035518,Saint Louis,Missouri,63146,Class A (Community/Ambulatory); Class C (Long-Term Care); Class D (Non-Sterile Compounding); Class H (Sterile Product Compounding); Class J (Shared Services),"2248 Welsch Industrial Court, Saint Louis, Missouri, 63146",-90.43500019999999,38.7003207
Pharmacy,Summers Pharmacy of Warrensburg LLC,611 Burkharth Rd,2018030729,Warrensburg,Missouri,64093,Class A (Community/Ambulatory); Class C (Long-Term Care); Class D (Non-Sterile Compounding); Class J (Shared Services),"611 Burkharth Rd, Warrensburg, Missouri, 64093",-93.7230972,38.76995220000001
Pharmacy,Ozarks Healthcare Specialty Pharmacy,18 Parkway Shopping Ctr,2022035150,West Plains,Missouri,65775,Class A (Community/Ambulatory); Class C (Long-Term Care); Class J (Shared Services),"18 Parkway Shopping Ctr, West Plains, Missouri, 65775",-91.87061299999999,36.7411687
Pharmacy,"Bond Pharmacy, Inc.",703 W Buchanan St,2022030200,California,Missouri,65018,Class A (Community/Ambulatory); Class C (Long-Term Care); Class J (Shared Services),"703 W Buchanan St, California, Missouri, 65018",-92.5754254,38.627904
Pharmacy,Neighborhood LTC Pharmacy,"3301 Berrywood Dr., Suite 101",2022038747,Columbia,Missouri,65201,Class A (Community/Ambulatory); Class C (Long-Term Care); Class J (Shared Services),"3301 Berrywood Dr., Suite 101, Columbia, Missouri, 65201",-92.2881405,38.9596075
Pharmacy,Summers Pharmacy - Appleton City,121 W 4th,2020001041,Appleton City,Missouri,64724,Class A (Community/Ambulatory); Class C (Long-Term Care); Class D (Non-Sterile Compounding); Class J (Shared Services),"121 W 4th, Appleton City, Missouri, 64724",-94.0289772,38.1907991
Pharmacy,Main Street Pharmacy,117 E Main St,2020007594,East Prairie,Missouri,63845,Class A (Community/Ambulatory); Class C (Long-Term Care); Class J (Shared Services),"117 E Main St, East Prairie, Missouri, 63845",-89.3855006,36.7800926
Pharmacy,Mercy Pharmacy Kennerly,10010 Kennerly Road 1st Floor,2018035847,Saint Louis,Missouri,63128,Class A (Community/Ambulatory); Class D (Non-Sterile Compounding); Class J (Shared Services),"10010 Kennerly Road 1st Floor, Saint Louis, Missouri, 63128",-90.3803744,38.5074606
Pharmacy,Mercy Pharmacy Southfork,12700 Southfork Rd Suite 110,2018035887,Saint Louis,Missouri,63128,Class A (Community/Ambulatory); Class D (Non-Sterile Compounding); Class J (Shared Services),"12700 Southfork Rd Suite 110, Saint Louis, Missouri, 63128",-90.38124119999999,38.5031892
Pharmacy,St. Louis Hills Pharmacy,4365 Chippewa St Ste 100,2018034137,Saint Louis,Missouri,63116,Class A (Community/Ambulatory); Class C (Long-Term Care); Class D (Non-Sterile Compounding),"4365 Chippewa St Ste 100, Saint Louis, Missouri, 63116",-90.2659566,38.5911211
Pharmacy,Ozarks Healthcare Pharmacy Gainesville,512 Third Street,2022039428,Gainesville,Missouri,65655,Class A (Community/Ambulatory); Class C (Long-Term Care); Class J (Shared Services),"512 Third Street, Gainesville, Missouri, 65655",-92.42691409999999,36.6030339
Pharmacy,Chaffee Drug Store,211 West Yoakum Ave,2020007999,Chaffee,Missouri,63740,Class A (Community/Ambulatory); Class J (Shared Services),"211 West Yoakum Ave, Chaffee, Missouri, 63740",-89.6578335,37.1810226
Pharmacy,Express Rx of Webb City,101 W. Daughterty Street,2020008739,Webb City,Missouri,64870,Class A (Community/Ambulatory); Class C (Long-Term Care); Class D (Non-Sterile Compounding); Class J (Shared Services),"101 W. Daughterty Street, Webb City, Missouri, 64870",-94.4631967,37.1474884
Pharmacy,AuBurn Pharmacy #270,810 W 35th St Ste 101,2020011076,Higginsville,Missouri,64037,Class A (Community/Ambulatory); Class C (Long-Term Care); Class D (Non-Sterile Compounding); Class J (Shared Services),"810 W 35th St Ste 101, Higginsville, Missouri, 64037",-93.729569,39.061124
Pharmacy,Hy-Vee Pharmacy (1007),703 E US Hwy 136,2018042016,Albany,Missouri,64402,Class A (Community/Ambulatory); Class C (Long-Term Care); Class J (Shared Services),"703 E US Hwy 136, Albany, Missouri, 64402",-94.32507989999999,40.2560564
Pharmacy,St Luke's Advanced Care Pharmacy,232 S Woodsmill Rd  Ste 380E,2019013767,Chesterfield,Missouri,63017,Class A (Community/Ambulatory),"232 S Woodsmill Rd  Ste 380E, Chesterfield, Missouri, 63017",-90.5069429,38.6568932
Pharmacy,Jodi's Family Pharmacy,1004 Hwy 65 N,2018039905,Carrollton,Missouri,64633,Class A (Community/Ambulatory); Class C (Long-Term Care),"1004 Hwy 65 N, Carrollton, Missouri, 64633",-93.48421359999999,39.3707488
Pharmacy,CJ Pharmacy,102 S Main St.,2018039920,Carl Junction,Missouri,64834,Class A (Community/Ambulatory); Class C (Long-Term Care),"102 S Main St., Carl Junction, Missouri, 64834",-94.5652368,37.1766885
Pharmacy,Show Me State Vital Care,420 NW Business Park Ln,2022045979,Riverside,Missouri,64150,Class A (Community/Ambulatory); Class H (Sterile Product Compounding),"420 NW Business Park Ln, Riverside, Missouri, 64150",-94.6103201,39.16749420000001
Pharmacy,Alps Pharmacy,704 S Highway 59 Ste C,2022041911,Anderson,Missouri,64831,Class A (Community/Ambulatory); Class C (Long-Term Care); Class J (Shared Services),"704 S Highway 59 Ste C, Anderson, Missouri, 64831",-94.45217630518886,36.64551803673904
Pharmacy,CMH Buffalo Community Pharmacy,315 S Ash St,2024047155,Buffalo,Missouri,65622,Class A (Community/Ambulatory); Class C (Long-Term Care); Class J (Shared Services),"315 S Ash St, Buffalo, Missouri, 65622",-93.1051186,37.6425011
Pharmacy,Delta Regional Pharmacy,412 W Broadwater Road,2024049269,Malden,Missouri,63863,Class A (Community/Ambulatory); Class D (Non-Sterile Compounding),"412 W Broadwater Road, Malden, Missouri, 63863",-89.9717862,36.5715649
Pharmacy,Guardian Pharmacy of St Louis LLC,926 S Highway Dr,2019000115,Fenton,Missouri,63026,Class A (Community/Ambulatory); Class C (Long-Term Care); Class H (Sterile Product Compounding); Class J (Shared Services),"926 S Highway Dr, Fenton, Missouri, 63026",-90.4603356,38.5413122
Pharmacy,Battlefield Pharmacy,4062 W Republic Road,2019005187,Battlefield,Missouri,65619,Class A (Community/Ambulatory); Class C (Long-Term Care); Class D (Non-Sterile Compounding); Class J (Shared Services),"4062 W Republic Road, Battlefield, Missouri, 65619",-93.36364619999999,37.1382868
Pharmacy,CVS/pharmacy #18037,1900 First Capitol Dr,2020015200,Saint Charles,Missouri,63301,Class A (Community/Ambulatory); Class C (Long-Term Care); Class D (Non-Sterile Compounding); Class J (Shared Services),"1900 First Capitol Dr, Saint Charles, Missouri, 63301",-90.5010822,38.7823728
Pharmacy,CVS/pharmacy #18000,8200 N Lindbergh Blvd,2020014092,Florissant,Missouri,63031,Class A (Community/Ambulatory); Class C (Long-Term Care); Class D (Non-Sterile Compounding); Class J (Shared Services),"8200 N Lindbergh Blvd, Florissant, Missouri, 63031",-90.3448329,38.7893079
Pharmacy,CVS/pharmacy #18002,8800 Manchester Rd,2020014326,Saint Louis,Missouri,63144,Class A (Community/Ambulatory); Class C (Long-Term Care); Class D (Non-Sterile Compounding); Class J (Shared Services),"8800 Manchester Rd, Saint Louis, Missouri, 63144",-90.35041989999999,38.6114876
Pharmacy,CVS/pharmacy #18040,10275 Clayton Rd,2020014811,Saint Louis,Missouri,63124,Class A (Community/Ambulatory); Class C (Long-Term Care); Class D (Non-Sterile Compounding); Class J (Shared Services),"10275 Clayton Rd, Saint Louis, Missouri, 63124",-90.4049098,38.6342573
Pharmacy,CVS/pharmacy #18020,3900 Vogel Rd,2020016791,Arnold,Missouri,63010,Class A (Community/Ambulatory); Class C (Long-Term Care); Class D (Non-Sterile Compounding); Class J (Shared Services),"3900 Vogel Rd, Arnold, Missouri, 63010",-90.394629,38.4160438
Pharmacy,CVS/pharmacy #18024,8650 Big Bend Blvd,2020017247,Saint Louis,Missouri,63119,Class A (Community/Ambulatory); Class C (Long-Term Care); Class D (Non-Sterile Compounding); Class J (Shared Services),"8650 Big Bend Blvd, Saint Louis, Missouri, 63119",-90.3567484,38.582778
Pharmacy,CVS/pharmacy #18090,1181 W Gannon Dr,2020016801,Festus,Missouri,63028,Class A (Community/Ambulatory); Class C (Long-Term Care); Class D (Non-Sterile Compounding); Class J (Shared Services),"1181 W Gannon Dr, Festus, Missouri, 63028",-90.40184370000001,38.2103561
Pharmacy,CVS/pharmacy #18022,141 Hilltown Village Center,2020016338,Chesterfield,Missouri,63017,Class A (Community/Ambulatory); Class C (Long-Term Care); Class D (Non-Sterile Compounding); Class J (Shared Services),"141 Hilltown Village Center, Chesterfield, Missouri, 63017",-90.5531968,38.6589367
Pharmacy,CVS/pharmacy #18067,6600 Clayton Rd,2020016176,Saint Louis,Missouri,63117,Class A (Community/Ambulatory); Class C (Long-Term Care); Class D (Non-Sterile Compounding); Class J (Shared Services),"6600 Clayton Rd, Saint Louis, Missouri, 63117",-90.31544099999999,38.6335518
Pharmacy,CVS/pharmacy #18004,15425 Manchester Rd,2020016335,Ballwin,Missouri,63011,Class A (Community/Ambulatory); Class C (Long-Term Care); Class D (Non-Sterile Compounding); Class J (Shared Services),"15425 Manchester Rd, Ballwin, Missouri, 63011",-90.5647178,38.5945024
Pharmacy,CVS/pharmacy #18015,16580 Manchester Rd,2020016336,Wildwood,Missouri,63040,Class A (Community/Ambulatory); Class C (Long-Term Care); Class D (Non-Sterile Compounding); Class J (Shared Services),"16580 Manchester Rd, Wildwood, Missouri, 63040",-90.61789990000001,38.5800485
Pharmacy,CVS/pharmacy #18054,1589 Sierra Vista Plz,2020016383,Saint Louis,Missouri,63138,Class A (Community/Ambulatory); Class C (Long-Term Care); Class D (Non-Sterile Compounding); Class J (Shared Services),"1589 Sierra Vista Plz, Saint Louis, Missouri, 63138",-90.2194834,38.7716218
Pharmacy,CVS/pharmacy #18049,2183 Charbonier Rd,2020015202,Florissant,Missouri,63031,Class A (Community/Ambulatory); Class C (Long-Term Care); Class D (Non-Sterile Compounding); Class J (Shared Services),"2183 Charbonier Rd, Florissant, Missouri, 63031",-90.3600222,38.8102812
Pharmacy,CVS/pharmacy #18041,74 Grandview Plaza Center,2020016803,Florissant,Missouri,63033,Class A (Community/Ambulatory); Class C (Long-Term Care); Class D (Non-Sterile Compounding); Class J (Shared Services),"74 Grandview Plaza Center, Florissant, Missouri, 63033",-90.3032257,38.7738993
Pharmacy,CVS/pharmacy #18008,3431 Union Blvd,2020017476,Saint Louis,Missouri,63115,Class A (Community/Ambulatory); Class C (Long-Term Care); Class D (Non-Sterile Compounding); Class J (Shared Services),"3431 Union Blvd, Saint Louis, Missouri, 63115",-90.2612707,38.6793947
Pharmacy,CVS/pharmacy #18061,49 N Florissant Rd,2020018560,Ferguson,Missouri,63135,Class A (Community/Ambulatory); Class C (Long-Term Care); Class D (Non-Sterile Compounding); Class J (Shared Services),"49 N Florissant Rd, Ferguson, Missouri, 63135",-90.3064742,38.7464044
Pharmacy,CVS/pharmacy #18068,1160 Shackelford rd,2020017831,Florissant,Missouri,63031,Class A (Community/Ambulatory); Class C (Long-Term Care); Class D (Non-Sterile Compounding); Class J (Shared Services),"1160 Shackelford rd, Florissant, Missouri, 63031",-90.3460826,38.8127622
Pharmacy,CVS/pharmacy #18026,48 Plaza 94,2020015387,Saint Peters,Missouri,63376,Class A (Community/Ambulatory); Class C (Long-Term Care); Class D (Non-Sterile Compounding); Class J (Shared Services),"48 Plaza 94, Saint Peters, Missouri, 63376",-90.5921911,38.74951009999999
Pharmacy,Harps Pharmacy #206,125 W Karsch Blvd,2020013722,Farmington,Missouri,63640,Class A (Community/Ambulatory),"125 W Karsch Blvd, Farmington, Missouri, 63640",-90.4213274,37.7889521
Pharmacy,CVS/pharmacy #18017,3029 Highway K,2020015858,O Fallon,Missouri,63368,Class A (Community/Ambulatory); Class C (Long-Term Care); Class D (Non-Sterile Compounding); Class J (Shared Services),"3029 Highway K, O Fallon, Missouri, 63368",-90.7038504,38.7558136
Pharmacy,CVS/pharmacy #18057,4171 Lindell Blvd,2020017480,Saint Louis,Missouri,63108,Class A (Community/Ambulatory); Class C (Long-Term Care); Class D (Non-Sterile Compounding); Class J (Shared Services),"4171 Lindell Blvd, Saint Louis, Missouri, 63108",-90.24718999999999,38.6417455
Pharmacy,CVS/pharmacy #18087,1801 Missouri Blvd,2020015834,Jefferson City,Missouri,65109,Class A (Community/Ambulatory); Class C (Long-Term Care); Class D (Non-Sterile Compounding); Class J (Shared Services),"1801 Missouri Blvd, Jefferson City, Missouri, 65109",-92.1995372,38.5794524
Pharmacy,CVS/pharmacy #18051,12332 Manchester Rd,2020016363,Saint Louis,Missouri,63131,Class A (Community/Ambulatory); Class C (Long-Term Care); Class D (Non-Sterile Compounding); Class J (Shared Services),"12332 Manchester Rd, Saint Louis, Missouri, 63131",-90.4421284,38.6015031
Pharmacy,CVS/pharmacy #18042,8867 Ladue Rd,2020016173,Saint Louis,Missouri,63124,Class A (Community/Ambulatory); Class C (Long-Term Care); Class D (Non-Sterile Compounding); Class J (Shared Services),"8867 Ladue Rd, Saint Louis, Missouri, 63124",-90.35412649999999,38.6562229
Pharmacy,CVS/pharmacy #18019,6920 Olive Blvd,2020016169,Saint Louis,Missouri,63130,Class A (Community/Ambulatory); Class C (Long-Term Care); Class D (Non-Sterile Compounding); Class J (Shared Services),"6920 Olive Blvd, Saint Louis, Missouri, 63130",-90.3142712,38.6634941
Pharmacy,CVS/pharmacy #18010,12756 Olive Blvd,2020016166,Saint Louis,Missouri,63141,Class A (Community/Ambulatory); Class C (Long-Term Care); Class D (Non-Sterile Compounding); Class J (Shared Services),"12756 Olive Blvd, Saint Louis, Missouri, 63141",-90.47309179999999,38.6784048
Pharmacy,CVS/pharmacy #18012,5519 Oakville Shopping Center,2020016785,Saint Louis,Missouri,63129,Class A (Community/Ambulatory); Class C (Long-Term Care); Class D (Non-Sterile Compounding); Class J (Shared Services),"5519 Oakville Shopping Center, Saint Louis, Missouri, 63129",-90.30710499999999,38.4727223
Pharmacy,CVS/pharmacy #18046,245 E 5th St,2020016345,Eureka,Missouri,63025,Class A (Community/Ambulatory); Class C (Long-Term Care); Class D (Non-Sterile Compounding); Class J (Shared Services),"245 E 5th St, Eureka, Missouri, 63025",-90.6198969,38.506774
Pharmacy,CVS/pharmacy #18060,9070 St. Charles Rock Rd,2020017484,Saint Louis,Missouri,63114,Class A (Community/Ambulatory); Class C (Long-Term Care); Class D (Non-Sterile Compounding); Class J (Shared Services),"9070 St. Charles Rock Rd, Saint Louis, Missouri, 63114",-90.3544458,38.7113682
Pharmacy,CVS/pharmacy #18086,1960 Wentzville Parkway,2020015836,Wentzville,Missouri,63385,Class A (Community/Ambulatory); Class C (Long-Term Care); Class D (Non-Sterile Compounding); Class J (Shared Services),"1960 Wentzville Parkway, Wentzville, Missouri, 63385",-90.8736953,38.8145954
Pharmacy,CVS/pharmacy #18080,1400 Forum Blvd,2020015839,Columbia,Missouri,65203,Class A (Community/Ambulatory); Class C (Long-Term Care); Class D (Non-Sterile Compounding); Class J (Shared Services),"1400 Forum Blvd, Columbia, Missouri, 65203",-92.35837599999999,38.934943
Pharmacy,CVS/pharmacy #18044,1020 Loughborough Ave,2020017258,Saint Louis,Missouri,63111,Class A (Community/Ambulatory); Class C (Long-Term Care); Class D (Non-Sterile Compounding); Class J (Shared Services),"1020 Loughborough Ave, Saint Louis, Missouri, 63111",-90.2633218,38.5564616
Pharmacy,Wash U - Village Square Pharmacy,Village Square ShoppingSte 1/Rm 103,2022047374,Hazelwood,Missouri,63042,Class A (Community/Ambulatory); Class J (Shared Services),"Village Square ShoppingSte 1/Rm 103, Hazelwood, Missouri, 63042",-90.3663214,38.7838325
Pharmacy,Rogers Pharmacy,102 W 1st St,2022046854,Stanberry,Missouri,64489,Class A (Community/Ambulatory); Class C (Long-Term Care); Class J (Shared Services),"102 W 1st St, Stanberry, Missouri, 64489",-94.541888,40.2142406
Pharmacy,Greenfield Pharmacy,105 N Grand St Ste 1,2019013472,Greenfield,Missouri,65661,Class A (Community/Ambulatory); Class C (Long-Term Care),"105 N Grand St Ste 1, Greenfield, Missouri, 65661",-93.8467414,37.4183371
Pharmacy,North End Family Pharmacy,1000 5th Avenue,2019012137,Saint Joseph,Missouri,64505,Class A (Community/Ambulatory); Class C (Long-Term Care),"1000 5th Avenue, Saint Joseph, Missouri, 64505",-94.8478694,39.7874623
Pharmacy,Prescription Drug Store #1,410 Ward Ave,2019000921,Caruthersville,Missouri,63830,Class A (Community/Ambulatory); Class C (Long-Term Care),"410 Ward Ave, Caruthersville, Missouri, 63830",-89.6553033,36.1913554
Pharmacy,Prescription Drug Store #2,308 E Main St,2019000922,Hayti,Missouri,63851,Class A (Community/Ambulatory); Class C (Long-Term Care),"308 E Main St, Hayti, Missouri, 63851",-89.74868599999999,36.2321412
Pharmacy,Summit Pharmacy,140 Northstar Dr,2023000158,Holts Summit,Missouri,65043,Class A (Community/Ambulatory); Class C (Long-Term Care); Class D (Non-Sterile Compounding),"140 Northstar Dr, Holts Summit, Missouri, 65043",-92.11426879999999,38.6560729
Pharmacy,Summers Pharmacy of Kearney Corp,101 W State Route 92 Ste A,2020014168,Kearney,Missouri,64060,Class A (Community/Ambulatory); Class C (Long-Term Care); Class D (Non-Sterile Compounding); Class J (Shared Services),"101 W State Route 92 Ste A, Kearney, Missouri, 64060",-94.3626839,39.3676255
Pharmacy,SSM Health Pharmacy at Saint Louis University Hospital,1225 S Grand Blvd,2020020657,Saint Louis,Missouri,63104,Class A (Community/Ambulatory); Class B (Hospital Pharmacy); Class J (Shared Services),"1225 S Grand Blvd, Saint Louis, Missouri, 63104",-90.2384793,38.6243232
Pharmacy,APO Pharmacy,1636 S Glenstone Ave Ste 108,2024007163,Springfield,Missouri,65804,Class A (Community/Ambulatory); Class C (Long-Term Care),"1636 S Glenstone Ave Ste 108, Springfield, Missouri, 65804",-93.2617022,37.1842041
Pharmacy,Mercy Pharmacy Jackson,2600 E Main St Ste 113,2024008582,Jackson,Missouri,63755,Class A (Community/Ambulatory); Class C (Long-Term Care); Class J (Shared Services),"2600 E Main St Ste 113, Jackson, Missouri, 63755",-89.6373131,37.3810898
Pharmacy,Soleo Health Inc.,"702 Spirit 40 Park Drive, Suite 120",2024010363,Chesterfield,Missouri,63005,Class A (Community/Ambulatory); Class J (Shared Services); Class M (Specialty Bleeding Disorder),"702 Spirit 40 Park Drive, Suite 120, Chesterfield, Missouri, 63005",-90.63951639999999,38.6704398
Pharmacy,TJ Pharmacy,3900 S Grand Blvd,2019011691,Saint Louis,Missouri,63118,Class A (Community/Ambulatory),"3900 S Grand Blvd, Saint Louis, Missouri, 63118",-90.2439065,38.5861005
Pharmacy,Script Partner Pharmacy LLC,"400 S. Woods Mill Road, Ste 105",2020027842,Chesterfield,Missouri,63017,Class A (Community/Ambulatory); Class J (Shared Services),"400 S. Woods Mill Road, Ste 105, Chesterfield, Missouri, 63017",-90.51197570000001,38.6453962
Pharmacy,The Medicine Shoppe,149 Pond Fort Trail,2016042103,Lake Saint Louis,Missouri,63367,Class A (Community/Ambulatory); Class C (Long-Term Care); Class D (Non-Sterile Compounding),"149 Pond Fort Trail, Lake Saint Louis, Missouri, 63367",-90.7877176,38.7633363
Pharmacy,Genoa Healthcare LLC,255 Spencer Rd Ste 202,2017001167,Saint Peters,Missouri,63376,Class A (Community/Ambulatory); Class C (Long-Term Care); Class J (Shared Services),"255 Spencer Rd Ste 202, Saint Peters, Missouri, 63376",-90.60400949999999,38.7881373
Pharmacy,Alps Specialty Pharmacy,"105 S Ridgecrest Ave, Suite 3A",2016042467,Nixa,Missouri,65714,Class A (Community/Ambulatory); Class C (Long-Term Care); Class D (Non-Sterile Compounding); Class H (Sterile Product Compounding); Class J (Shared Services),"105 S Ridgecrest Ave, Suite 3A, Nixa, Missouri, 65714",-93.28518439999999,37.0428554
Pharmacy,Mercy Pharmacy Crestwood,9555 Watson Rd Ste A,2023009949,Saint Louis,Missouri,63126,Class A (Community/Ambulatory); Class J (Shared Services),"9555 Watson Rd Ste A, Saint Louis, Missouri, 63126",-90.37948770000001,38.5582051
Pharmacy,Mercy Pharmacy Troy,890 East Cherry St,2023015294,Troy,Missouri,63379,Class A (Community/Ambulatory); Class J (Shared Services),"890 East Cherry St, Troy, Missouri, 63379",-90.9700944,38.9827976
Pharmacy,Neighborhood LTC Pharmacy,11861 Westline Industrial Dr #700B,2023021666,Saint Louis,Missouri,63146,Class A (Community/Ambulatory); Class C (Long-Term Care); Class J (Shared Services),"11861 Westline Industrial Dr #700B, Saint Louis, Missouri, 63146",-90.4375118,38.7030957
Pharmacy,Stadium Pharmacy,4811 S Arrowhead Dr,2016039188,Independence,Missouri,64055,Class A (Community/Ambulatory),"4811 S Arrowhead Dr, Independence, Missouri, 64055",-94.3585349,39.03023779999999
Pharmacy,Winfield Pharmacy Inc,37 Winfield Plaza,2016040479,Winfield,Missouri,63389,Class A (Community/Ambulatory); Class C (Long-Term Care),"37 Winfield Plaza, Winfield, Missouri, 63389",-90.7476908,38.9912977
Pharmacy,Bowling Green Pharmacy,8 North Court,2016042401,Bowling Green,Missouri,63334,Class A (Community/Ambulatory); Class C (Long-Term Care),"8 North Court, Bowling Green, Missouri, 63334",-91.1955285,39.3423088
Pharmacy,Family Drug,3308 Georgia St,2016042402,Louisiana,Missouri,63353,Class A (Community/Ambulatory); Class C (Long-Term Care),"3308 Georgia St, Louisiana, Missouri, 63353",-91.0704643,39.4329059
Pharmacy,John's Pharmacy Poplar Bluff,909 West Pine,2016042382,Poplar Bluff,Missouri,63901,Class A (Community/Ambulatory); Class C (Long-Term Care); Class D (Non-Sterile Compounding); Class J (Shared Services),"909 West Pine, Poplar Bluff, Missouri, 63901",-90.40268909999999,36.7587561
Pharmacy,Evans Drugs,675 3rd St,2016042638,Osceola,Missouri,64776,Class A (Community/Ambulatory); Class C (Long-Term Care); Class J (Shared Services),"675 3rd St, Osceola, Missouri, 64776",-93.702244,38.0468912
Pharmacy,CraftedRx,609 N State Hwy 47 Suite C,2020032962,Warrenton,Missouri,63383,Class A (Community/Ambulatory); Class C (Long-Term Care); Class D (Non-Sterile Compounding),"609 N State Hwy 47 Suite C, Warrenton, Missouri, 63383",-91.14238183388706,38.81857499690073
Pharmacy,Genoa Healthcare LLC,1430 Olive Street Room P,2020035371,Saint Louis,Missouri,63103,Class A (Community/Ambulatory); Class C (Long-Term Care); Class J (Shared Services),"1430 Olive Street Room P, Saint Louis, Missouri, 63103",-90.20130759999999,38.6301034
Pharmacy,Lakeland Pharmacy #4,16269 US Hwy 160,2024020066,Forsyth,Missouri,65653,Class A (Community/Ambulatory); Class C (Long-Term Care); Class J (Shared Services),"16269 US Hwy 160, Forsyth, Missouri, 65653",-93.1199012,36.6850612
Pharmacy,Marionville Pharmacy,201 S US Highway 60,2024020963,Marionville,Missouri,65705,Class A (Community/Ambulatory); Class C (Long-Term Care); Class J (Shared Services),"201 S US Highway 60, Marionville, Missouri, 65705",-93.6353775,36.993845
Pharmacy,A & R Pharmacy,445 E Mill St Ste A,2017000012,Liberty,Missouri,64068,Class A (Community/Ambulatory); Class D (Non-Sterile Compounding),"445 E Mill St Ste A, Liberty, Missouri, 64068",-94.41488439999999,39.2444801
Pharmacy,Ste. Genevieve Pharmacy,575 Pine Drive,2020032354,Sainte Genevieve,Missouri,63670,Class A (Community/Ambulatory); Class J (Shared Services),"575 Pine Drive, Sainte Genevieve, Missouri, 63670",-90.05373209999999,37.9697566
Pharmacy,Mizzou Pharmacy - Battle,7115 East St Charles Rd,2020034547,Columbia,Missouri,65202,Class A (Community/Ambulatory); Class C (Long-Term Care); Class J (Shared Services),"7115 East St Charles Rd, Columbia, Missouri, 65202",-92.22830530000002,38.96950289999999
Pharmacy,Big Tree Pharmacy,206 Corporate Lake Dr,2020037192,Columbia,Missouri,65203,Class A (Community/Ambulatory),"206 Corporate Lake Dr, Columbia, Missouri, 65203",-92.3369652,38.8954019
Pharmacy,Browns Pharmacy,375 Trimmer Ln,2023016160,Ellington,Missouri,63638,Class A (Community/Ambulatory); Class C (Long-Term Care); Class J (Shared Services),"375 Trimmer Ln, Ellington, Missouri, 63638",-90.9667283,37.2440314
Pharmacy,The Pharmacy @ Pleasant Hope,5492 Hwy H Ste E,2017004711,Pleasant Hope,Missouri,65725,Class A (Community/Ambulatory); Class C (Long-Term Care); Class D (Non-Sterile Compounding); Class J (Shared Services),"5492 Hwy H Ste E, Pleasant Hope, Missouri, 65725",-93.27378499999999,37.451016
Pharmacy,Walgreens #15822,1142 N Desloge Dr,2017006078,Desloge,Missouri,63601,Class A (Community/Ambulatory); Class C (Long-Term Care); Class J (Shared Services),"1142 N Desloge Dr, Desloge, Missouri, 63601",-90.51245899999999,37.8807279
Pharmacy,"Linn Drug #15826, Powered by Walgreens",304 E Main St,2017006077,Linn,Missouri,65051,Class A (Community/Ambulatory); Class C (Long-Term Care); Class J (Shared Services),"304 E Main St, Linn, Missouri, 65051",-91.8514951,38.48544200000001
Pharmacy,"Strauser Drugs #15827, Powered by Walgreens",6 E Springfield Rd,2017006068,Sullivan,Missouri,63080,Class A (Community/Ambulatory); Class C (Long-Term Care); Class J (Shared Services),"6 E Springfield Rd, Sullivan, Missouri, 63080",-91.1603088,38.2141654
Pharmacy,Walgreens #21312,26 W Karsch Blvd,2017006075,Farmington,Missouri,63640,Class A (Community/Ambulatory); Class C (Long-Term Care); Class D (Non-Sterile Compounding); Class J (Shared Services),"26 W Karsch Blvd, Farmington, Missouri, 63640",-90.4209333,37.7869369
Pharmacy,Curant Health STL,"6155 S Grand Blvd, Ste 100",2024035061,Saint Louis,Missouri,63111,Class A (Community/Ambulatory),"6155 S Grand Blvd, Ste 100, Saint Louis, Missouri, 63111",-90.2592676,38.5644022
Pharmacy,Medicine Shoppe 0128,7922 Mackenzie Rd,2024025802,Affton,Missouri,63123,Class A (Community/Ambulatory); Class C (Long-Term Care); Class D (Non-Sterile Compounding); Class J (Shared Services),"7922 Mackenzie Rd, Affton, Missouri, 63123",-90.3201287,38.5663698
Pharmacy,Medicine Shoppe 1985,8640 Commercial Blvd,2024025803,Pevely,Missouri,63070,Class A (Community/Ambulatory); Class C (Long-Term Care); Class D (Non-Sterile Compounding); Class J (Shared Services),"8640 Commercial Blvd, Pevely, Missouri, 63070",-90.3963771,38.2923315
Pharmacy,Noble Drug of Lebanon,521 E. Elm Street,2023024722,Lebanon,Missouri,65536,Class A (Community/Ambulatory); Class J (Shared Services),"521 E. Elm Street, Lebanon, Missouri, 65536",-92.65320799999999,37.6809204
Pharmacy,Ozark Center Pharmacy II,3220 Wisconsin Ave Ste A,2023030212,Joplin,Missouri,64804,Class A (Community/Ambulatory); Class C (Long-Term Care); Class J (Shared Services),"3220 Wisconsin Ave Ste A, Joplin, Missouri, 64804",-94.50373599999999,37.053782
Pharmacy,Mize Drug Wellness & Compounding,202 Old Highway 7 Rd,2024020347,Garden City,Missouri,64747,Class A (Community/Ambulatory); Class C (Long-Term Care); Class D (Non-Sterile Compounding),"202 Old Highway 7 Rd, Garden City, Missouri, 64747",-94.19009969999999,38.5628084
Pharmacy,Phillips Pharmacy LLC,7278 State Hwy 14 E,2020041290,Sparta,Missouri,65753,Class A (Community/Ambulatory),"7278 State Hwy 14 E, Sparta, Missouri, 65753",-93.08671609999999,37.0007749
Pharmacy,Mizzou Pharmacy - Old 63,1601 Old 63 S,2020041791,Columbia,Missouri,65201,Class A (Community/Ambulatory); Class C (Long-Term Care); Class J (Shared Services),"1601 Old 63 S, Columbia, Missouri, 65201",-92.3127133,38.9307198
Pharmacy,Genoa Healthcare LLC,7001 Blue Ridge Blvd Ste P,2020041693,Raytown,Missouri,64133,Class A (Community/Ambulatory); Class C (Long-Term Care); Class J (Shared Services),"7001 Blue Ridge Blvd Ste P, Raytown, Missouri, 64133",-94.4820647,38.9969348
Pharmacy,Winkelmann Drug,3300 Meramec St,2024040308,Saint Louis,Missouri,63118,Class A (Community/Ambulatory); Class C (Long-Term Care); Class D (Non-Sterile Compounding); Class J (Shared Services),"3300 Meramec St, Saint Louis, Missouri, 63118",-90.24112749999999,38.5803514
Pharmacy,Infinium Pharmacy,1617 Manufacturers Dr,2017015429,Fenton,Missouri,63026,Class A (Community/Ambulatory); Class C (Long-Term Care); Class H (Sterile Product Compounding); Class J (Shared Services),"1617 Manufacturers Dr, Fenton, Missouri, 63026",-90.4446025,38.5344746
Pharmacy,Carpenters Pharmacy Center,1403 Hampton Ave,2023032911,Saint Louis,Missouri,63139,Class A (Community/Ambulatory),"1403 Hampton Ave, Saint Louis, Missouri, 63139",-90.289627,38.6255797
Pharmacy,CVS/Pharmacy #18101,375 South Highway 185,2023041485,Sullivan,Missouri,63080,Class A (Community/Ambulatory); Class J (Shared Services),"375 South Highway 185, Sullivan, Missouri, 63080",-91.1507659,38.2220214
Pharmacy,Centerstone Pharmacy,3401 Berrywood Suite 102,2023044185,Columbia,Missouri,65201,Class A (Community/Ambulatory); Class C (Long-Term Care),"3401 Berrywood Suite 102, Columbia, Missouri, 65201",-92.2871696,38.958815
Pharmacy,"BioPlus Specialty Pharmacy Services, LLC","100 South 4th St, Suite 1000",2023044219,Saint Louis,Missouri,63102,Class A (Community/Ambulatory); Class J (Shared Services); Class M (Specialty Bleeding Disorder),"100 South 4th St, Suite 1000, Saint Louis, Missouri, 63102",-90.1889411,38.6237433
Pharmacy,Horizon Health Pharmacy,1520 S Brentwood Blvd,2023039827,Brentwood,Missouri,63144,Class A (Community/Ambulatory),"1520 S Brentwood Blvd, Brentwood, Missouri, 63144",-90.3461193,38.6274422
Pharmacy,Genoa Healthcare LLC,"902 Edmond Street, Suite 202",2023038179,Saint Joseph,Missouri,64501,Class A (Community/Ambulatory); Class C (Long-Term Care); Class J (Shared Services),"902 Edmond Street, Suite 202, Saint Joseph, Missouri, 64501",-94.84898559999999,39.7655028
Pharmacy,Parkland Pharmacy,137 Front St,2021002681,Greenville,Missouri,63944,Class A (Community/Ambulatory); Class J (Shared Services); Class R (Remote Dispensing Site Pharmacy),"137 Front St, Greenville, Missouri, 63944",-90.45137419999999,37.1263081
Pharmacy,Arthur Center Pharmacy,340 Kelly Parkway,2023036537,Mexico,Missouri,65265,Class A (Community/Ambulatory); Class C (Long-Term Care),"340 Kelly Parkway, Mexico, Missouri, 65265",-91.88727899999999,39.1446866
Pharmacy,Community Care Pharmacy,1511 Christy Drive,2023040764,Jefferson City,Missouri,65101,Class A (Community/Ambulatory),"1511 Christy Drive, Jefferson City, Missouri, 65101",-92.1893242,38.5597582
Pharmacy,Mercy Pharmacy Perryville,"212 Hospital Lane, Suite 102",2023040154,Perryville,Missouri,63775,Class A (Community/Ambulatory); Class C (Long-Term Care); Class D (Non-Sterile Compounding); Class J (Shared Services),"212 Hospital Lane, Suite 102, Perryville, Missouri, 63775",-89.86557119999999,37.7328451
Pharmacy,Alps Long Term Care Pharmacy,105 S Ridgecrest,2017018438,Nixa,Missouri,65714,Class A (Community/Ambulatory); Class C (Long-Term Care); Class J (Shared Services),"105 S Ridgecrest, Nixa, Missouri, 65714",-93.28518439999999,37.0428554
Pharmacy,Summers Pharmacy 12 Inc,2422 S 7 Hwy,2021007938,Blue Springs,Missouri,64014,Class A (Community/Ambulatory); Class C (Long-Term Care); Class D (Non-Sterile Compounding); Class J (Shared Services),"2422 S 7 Hwy, Blue Springs, Missouri, 64014",-94.27246339999999,38.9940055
Pharmacy,Sikeston Pharmacy,102 Hospitality Drive Suite B,2021009345,Sikeston,Missouri,63801,Class A (Community/Ambulatory); Class C (Long-Term Care); Class D (Non-Sterile Compounding); Class J (Shared Services),"102 Hospitality Drive Suite B, Sikeston, Missouri, 63801",-89.5797154,36.8586996
Pharmacy,EverCare Pharmacy,21748 US Hwy 65,2024044093,Princeton,Missouri,64673,Class A (Community/Ambulatory); Class C (Long-Term Care); Class J (Shared Services),"21748 US Hwy 65, Princeton, Missouri, 64673",-93.57771679999999,40.398536
Pharmacy,Affinia Healthcare Pharmacy,3396 Pershall Rd,2024006107,Saint Louis,Missouri,63135,Class A (Community/Ambulatory); Class J (Shared Services),"3396 Pershall Rd, Saint Louis, Missouri, 63135",-90.2829775,38.7686336
Pharmacy,Mercy Pharmacy New Ballas,701 S. New Ballas Rd,2017022766,Saint Louis,Missouri,63141,Class A (Community/Ambulatory); Class C (Long-Term Care); Class J (Shared Services),"701 S. New Ballas Rd, Saint Louis, Missouri, 63141",-90.445382,38.6409021
Pharmacy,Mercy Pharmacy Clayton-Clarkson,15945 Clayton Rd Ste 140,2017022763,Ballwin,Missouri,63011,Class A (Community/Ambulatory); Class D (Non-Sterile Compounding); Class J (Shared Services),"15945 Clayton Rd Ste 140, Ballwin, Missouri, 63011",-90.5883044,38.6054548
Pharmacy,Mercy Pharmacy St. Louis Lobby,615 S New Ballas Rd,2017022759,Saint Louis,Missouri,63141,Class A (Community/Ambulatory); Class D (Non-Sterile Compounding); Class J (Shared Services),"615 S New Ballas Rd, Saint Louis, Missouri, 63141",-90.4456862,38.6473625
Pharmacy,Walgreens Specialty Pharmacy #16534,1500 E Sunshine Ste.148,2017028222,Springfield,Missouri,65804,Class A (Community/Ambulatory); Class D (Non-Sterile Compounding); Class J (Shared Services),"1500 E Sunshine Ste.148, Springfield, Missouri, 65804",-93.26881569999999,37.181303
Pharmacy,Genoa Healthcare LLC,760 Plantation Blvd Ste 58,2017032469,Sikeston,Missouri,63801,Class A (Community/Ambulatory); Class C (Long-Term Care); Class J (Shared Services),"760 Plantation Blvd Ste 58, Sikeston, Missouri, 63801",-89.578203,36.8661317
Pharmacy,Mercy Pharmacy Lebanon,200 Hospital Dr.,2017027482,Lebanon,Missouri,65536,Class A (Community/Ambulatory); Class C (Long-Term Care); Class J (Shared Services),"200 Hospital Dr., Lebanon, Missouri, 65536",-92.63421079999999,37.680462
Pharmacy,Mercy Pharmacy Rolla,1605 Martin Springs Dr. Ste 220,2017027484,Rolla,Missouri,65401,Class A (Community/Ambulatory); Class C (Long-Term Care); Class J (Shared Services),"1605 Martin Springs Dr. Ste 220, Rolla, Missouri, 65401",-91.79709419999999,37.94024539999999
Pharmacy,Mercy Pharmacy St. Robert,586 Old Rt. 66,2017027480,St. Robert,Missouri,65584,Class A (Community/Ambulatory); Class C (Long-Term Care); Class J (Shared Services),"586 Old Rt. 66, St. Robert, Missouri, 65584",-92.1604887,37.8224976
Pharmacy,Mercy Pharmacy Evans Road,3050 E Riverbluff Blvd.,2017027483,Ozark,Missouri,65721,Class A (Community/Ambulatory); Class J (Shared Services),"3050 E Riverbluff Blvd., Ozark, Missouri, 65721",-93.2347166,37.0989949
Pharmacy,Mercy Pharmacy Bogey Hills,2021 Zumbehl Rd,2021014013,Saint Charles,Missouri,63303,Class A (Community/Ambulatory); Class J (Shared Services),"2021 Zumbehl Rd, Saint Charles, Missouri, 63303",-90.5344507,38.7825192
Pharmacy,Mercy Pharmacy Deer Creek,2979 Highway K,2021014008,O Fallon,Missouri,63368,Class A (Community/Ambulatory); Class J (Shared Services),"2979 Highway K, O Fallon, Missouri, 63368",-90.702812,38.7589277
Pharmacy,Mercy Pharmacy Wentzville,1820 Wentzville Parkway,2021014000,Wentzville,Missouri,63385,Class A (Community/Ambulatory); Class J (Shared Services),"1820 Wentzville Parkway, Wentzville, Missouri, 63385",-90.8748126,38.8194079
Pharmacy,Mercy Pharmacy Fenton,450 Old Smizer Mill Rd,2021013984,Fenton,Missouri,63026,Class A (Community/Ambulatory); Class J (Shared Services),"450 Old Smizer Mill Rd, Fenton, Missouri, 63026",-90.45038420000002,38.5135265
Pharmacy,Mercy Pharmacy MacKenzie,7233 Watson Rd,2021013975,Webster Groves,Missouri,63119,Class A (Community/Ambulatory); Class J (Shared Services),"7233 Watson Rd, Webster Groves, Missouri, 63119",-90.3194741,38.584559
Pharmacy,Mercy Pharmacy West Oak,11481 Olive Blvd,2021013970,Creve Coeur,Missouri,63141,Class A (Community/Ambulatory); Class J (Shared Services),"11481 Olive Blvd, Creve Coeur, Missouri, 63141",-90.4353328,38.6729025
Pharmacy,Mercy Pharmacy Wildwood,2460 Taylor Rd,2021013969,Wildwood,Missouri,63040,Class A (Community/Ambulatory); Class J (Shared Services),"2460 Taylor Rd, Wildwood, Missouri, 63040",-90.6256566,38.5804231
Pharmacy,Medicenter Pharmacy,1474 N Boonville Ave,2017031169,Springfield,Missouri,65802,Class A (Community/Ambulatory); Class C (Long-Term Care),"1474 N Boonville Ave, Springfield, Missouri, 65802",-93.2917305,37.2258786
Pharmacy,Aurora Professional Pharmacy,124 S.Madison Ave.,2025000169,Aurora,Missouri,65605,Class A (Community/Ambulatory); Class C (Long-Term Care); Class J (Shared Services),"124 S.Madison Ave., Aurora, Missouri, 65605",-93.7207703,36.974371
Pharmacy,Juniper Pharmacy,522 N New Ballas Rd Ste 206,2023047797,Saint Louis,Missouri,63141,Class A (Community/Ambulatory),"522 N New Ballas Rd Ste 206, Saint Louis, Missouri, 63141",-90.442235,38.6653331
Pharmacy,AuBurn Pharmacy #230,9107 NW 45 Hwy,2017035330,Parkville,Missouri,64152,Class A (Community/Ambulatory); Class D (Non-Sterile Compounding); Class J (Shared Services),"9107 NW 45 Hwy, Parkville, Missouri, 64152",-94.68598502036922,39.209851898045514
Pharmacy,AuBurn Pharmacy #265,1200 E 10th Ste B,2017035164,Holden,Missouri,64040,Class A (Community/Ambulatory); Class C (Long-Term Care); Class D (Non-Sterile Compounding); Class J (Shared Services),"1200 E 10th Ste B, Holden, Missouri, 64040",-93.97631899999999,38.7107795
Pharmacy,AuBurn Pharmacy #210,16611 E 23rd St S,2017035331,Independence,Missouri,64055,Class A (Community/Ambulatory); Class D (Non-Sterile Compounding); Class J (Shared Services),"16611 E 23rd St S, Independence, Missouri, 64055",-94.3826929,39.0766268
Pharmacy,Sinks Pharmacy,1204 E Hwy 32,2021013295,Salem,Missouri,65560,Class A (Community/Ambulatory); Class C (Long-Term Care); Class J (Shared Services),"1204 E Hwy 32, Salem, Missouri, 65560",-91.52075289999999,37.6361274
Pharmacy,Hy-Vee Pharmacy #1845,410 E Young Ave,2021017232,Warrensburg,Missouri,64093,Class A (Community/Ambulatory); Class C (Long-Term Care); Class J (Shared Services),"410 E Young Ave, Warrensburg, Missouri, 64093",-93.7302436,38.7703631
Pharmacy,Costco Pharmacy #1486,279 N Eastgate Ave,2021028631,Springfield,Missouri,65802,Class A (Community/Ambulatory),"279 N Eastgate Ave, Springfield, Missouri, 65802",-93.2245525,37.2071295
Pharmacy,Mizzou Pharmacy-Capital Region Medical Center,1125 Madison St,2024000029,Jefferson City,Missouri,65101,Class A (Community/Ambulatory); Class C (Long-Term Care); Class D (Non-Sterile Compounding); Class J (Shared Services),"1125 Madison St, Jefferson City, Missouri, 65101",-92.18075999999999,38.5666595
Pharmacy,Wilkare Pharmacy of Doniphan,513 North Grand Avenue,2024009991,Doniphan,Missouri,63935,Class A (Community/Ambulatory); Class C (Long-Term Care); Class D (Non-Sterile Compounding),"513 North Grand Avenue, Doniphan, Missouri, 63935",-90.8251745,36.6209892
Pharmacy,Vital Care of St. Louis,"11 Worthington Access Drive, Ste E",2024000344,Maryland Heights,Missouri,63043,Class A (Community/Ambulatory); Class H (Sterile Product Compounding),"11 Worthington Access Drive, Ste E, Maryland Heights, Missouri, 63043",-90.44455339999999,38.7039186
Pharmacy,Eastside Pharmacy,400 E Pine St,2024004347,Poplar Bluff,Missouri,63901,Class A (Community/Ambulatory); Class C (Long-Term Care),"400 E Pine St, Poplar Bluff, Missouri, 63901",-90.3858309,36.7565303
Pharmacy,Phoenix Home Care Pharmacy,"617 N Cowling Street, Suite H",2024001363,Desloge,Missouri,63601,Class A (Community/Ambulatory); Class C (Long-Term Care); Class J (Shared Services),"617 N Cowling Street, Suite H, Desloge, Missouri, 63601",-90.5105725,37.8794251
Pharmacy,Como Compounding LLC,1901 Corporate Place,2023050772,Columbia,Missouri,65202,Class A (Community/Ambulatory); Class D (Non-Sterile Compounding); Class H (Sterile Product Compounding); Class J (Shared Services),"1901 Corporate Place, Columbia, Missouri, 65202",-92.32922649999999,38.971712
Pharmacy,Price Chopper Pharmacy #110,501 Schug Avenue,2021020860,Peculiar,Missouri,64078,Class A (Community/Ambulatory); Class J (Shared Services),"501 Schug Avenue, Peculiar, Missouri, 64078",-94.45909069999999,38.72397309999999
Pharmacy,Pill Pals Express Pharmacy,1100 Historic 66 West,2021026359,Waynesville,Missouri,65583,Class A (Community/Ambulatory); Class K (Internet),"1100 Historic 66 West, Waynesville, Missouri, 65583",-92.21861007627967,37.816750309215394
Pharmacy,Price Chopper Pharmacy #325,1191 NE McQuerry Rd,2017043318,Grain Valley,Missouri,64029,Class A (Community/Ambulatory); Class J (Shared Services),"1191 NE McQuerry Rd, Grain Valley, Missouri, 64029",-94.1960486,39.0248841
Pharmacy,Mercy Compounding and Home Infusion Pharmacy,3183 Riverport Tech Center Dr,2018000062,Maryland Heights,Missouri,63043,Class A (Community/Ambulatory); Class C (Long-Term Care); Class D (Non-Sterile Compounding); Class H (Sterile Product Compounding); Class J (Shared Services); Class M (Specialty Bleeding Disorder),"3183 Riverport Tech Center Dr, Maryland Heights, Missouri, 63043",-90.4714262,38.7535487
Pharmacy,Sinks Pharmacy,153 E Springfield,2017044406,Sullivan,Missouri,63080,Class A (Community/Ambulatory); Class C (Long-Term Care); Class J (Shared Services),"153 E Springfield, Sullivan, Missouri, 63080",-91.1582413,38.2155679
Pharmacy,CVS/pharmacy #11206,124 W Russell St,2017042816,Ironton,Missouri,63650,Class A (Community/Ambulatory); Class C (Long-Term Care); Class D (Non-Sterile Compounding); Class J (Shared Services),"124 W Russell St, Ironton, Missouri, 63650",-90.62833529999999,37.5972047
Pharmacy,Walgreens #06755,3920 Hampton Ave.,000971,Saint Louis,Missouri,63109,Class A (Community/Ambulatory); Class C (Long-Term Care); Class D (Non-Sterile Compounding); Class J (Shared Services),"3920 Hampton Ave., Saint Louis, Missouri, 63109",-90.2934695,38.5938524
Pharmacy,University of Health Sciences & Pharmacy in St. Louis,2 Pharmacy Place,001693,Saint Louis,Missouri,63110,Class A (Community/Ambulatory),"2 Pharmacy Place, Saint Louis, Missouri, 63110",-90.26083555481108,38.636556099562696
Pharmacy,Walgreens #02994,9285 Halls Ferry Rd,002234,Jennings,Missouri,63136,Class A (Community/Ambulatory); Class C (Long-Term Care); Class J (Shared Services),"9285 Halls Ferry Rd, Jennings, Missouri, 63136",-90.24342399999999,38.7267343
Pharmacy,Bruner Pharmacy Inc,321 Broadway,002253,Monett,Missouri,65708,Class A (Community/Ambulatory); Class C (Long-Term Care); Class D (Non-Sterile Compounding),"321 Broadway, Monett, Missouri, 65708",-93.92358449999999,36.9205355
Pharmacy,Evernorth EnGuide Pharmacy,4600 N Hanley Rd Ste C,2018008506,Saint Louis,Missouri,63134,Class A (Community/Ambulatory); Class J (Shared Services),"4600 N Hanley Rd Ste C, Saint Louis, Missouri, 63134",-90.316155,38.723989
Pharmacy,Vivent Pharmacy,4309 E 50th Terrace Ste 200,2021040536,Kansas City,Missouri,64130,Class A (Community/Ambulatory); Class J (Shared Services),"4309 E 50th Terrace Ste 200, Kansas City, Missouri, 64130",-94.53507940000001,39.0335832
Pharmacy,Dermaspecialty,10431 Clayton Rd,2021039656,Saint Louis,Missouri,63131,Class A (Community/Ambulatory); Class C (Long-Term Care); Class D (Non-Sterile Compounding); Class H (Sterile Product Compounding),"10431 Clayton Rd, Saint Louis, Missouri, 63131",-90.41054899999999,38.6337105
Pharmacy,NextRx,2909 Falling Leaf Ln Ste A,2021033160,Columbia,Missouri,65201,Class A (Community/Ambulatory),"2909 Falling Leaf Ln Ste A, Columbia, Missouri, 65201",-92.29497769999999,38.914407
Pharmacy,Mercy Pharmacy Poplar Bluff,2002 Kanell Blvd,2024008526,Poplar Bluff,Missouri,63901,Class A (Community/Ambulatory); Class J (Shared Services),"2002 Kanell Blvd, Poplar Bluff, Missouri, 63901",-90.4228432,36.7659516
Pharmacy,Mercy Pharmacy- S. Mount Auburn,817 South Mount Auburn Rd Ste 130,2024008523,Cape Girardeau,Missouri,63703,Class A (Community/Ambulatory); Class C (Long-Term Care); Class J (Shared Services),"817 South Mount Auburn Rd Ste 130, Cape Girardeau, Missouri, 63703",-89.5690418,37.2817959
Pharmacy,Mercy Pharmacy Broadway,1723 Broadway Ste 110,2024008584,Cape Girardeau,Missouri,63701,Class A (Community/Ambulatory); Class C (Long-Term Care); Class J (Shared Services),"1723 Broadway Ste 110, Cape Girardeau, Missouri, 63701",-89.54025419999999,37.3119401
Pharmacy,Saint Francis Specialty Pharmacy,211 Saint Francis Drive,2024012399,Cape Girardeau,Missouri,63703,Class A (Community/Ambulatory); Class J (Shared Services),"211 Saint Francis Drive, Cape Girardeau, Missouri, 63703",-89.5712791,37.3034503
Pharmacy,Savannah Family Pharmacy,205 S 71 Hwy,2018003020,Savannah,Missouri,64485,Class A (Community/Ambulatory); Class C (Long-Term Care),"205 S 71 Hwy, Savannah, Missouri, 64485",-94.8698859,40.1044835
Pharmacy,Medicine Shoppe #2120,2290 W Osage,2018004232,Pacific,Missouri,63069,Class A (Community/Ambulatory); Class C (Long-Term Care); Class J (Shared Services),"2290 W Osage, Pacific, Missouri, 63069",-90.7722359,38.4847821
Pharmacy,Golden Valley Memorial Healthcare,1600 N 2nd Street,2018004188,Clinton,Missouri,64735,Class A (Community/Ambulatory),"1600 N 2nd Street, Clinton, Missouri, 64735",-93.7684297,38.3896149
Pharmacy,"Blink Health Pharmacy, LLC","400 S. Woods Mill Road, Ste 100",2018011541,Chesterfield,Missouri,63017,Class A (Community/Ambulatory); Class J (Shared Services),"400 S. Woods Mill Road, Ste 100, Chesterfield, Missouri, 63017",-90.5123553,38.6456695
Pharmacy,"Samuel U. Rodgers Health Center, Inc.",825 Euclid Avenue,002678,Kansas City,Missouri,64124,Class A (Community/Ambulatory),"825 Euclid Avenue, Kansas City, Missouri, 64124",-94.5573091,39.1040757
Pharmacy,Walgreens #04824,12098 Lusher Rd,002851,Saint Louis,Missouri,63138,Class A (Community/Ambulatory); Class C (Long-Term Care); Class J (Shared Services),"12098 Lusher Rd, Saint Louis, Missouri, 63138",-90.22893529999999,38.7951017
Pharmacy,CareSTL Health #1,5471 Martin Luther King Drive,002938,Saint Louis,Missouri,63112,Class A (Community/Ambulatory); Class J (Shared Services),"5471 Martin Luther King Drive, Saint Louis, Missouri, 63112",-90.27226019999999,38.6686432
Pharmacy,MO St Univ Phy at Magers Family Hlth & Wellness Cntr,715 South Florence,003141,Springfield,Missouri,65807,Class A (Community/Ambulatory),"715 South Florence, Springfield, Missouri, 65807",-93.2780894,37.2010998
Pharmacy,Bootheel Drugs,339 E Commercial St,003238,Senath,Missouri,63876,Class A (Community/Ambulatory); Class C (Long-Term Care),"339 E Commercial St, Senath, Missouri, 63876",-90.1515069,36.1344826
Pharmacy,D & H Prescription Drug Store,1814 Paris Road,003258,Columbia,Missouri,65201,Class A (Community/Ambulatory); Class C (Long-Term Care); Class J (Shared Services),"1814 Paris Road, Columbia, Missouri, 65201",-92.309261,38.9653603
Pharmacy,Walgreens #06789,701 Gravois Bluffs Blvd.,003351,Fenton,Missouri,63026,Class A (Community/Ambulatory); Class C (Long-Term Care); Class J (Shared Services),"701 Gravois Bluffs Blvd., Fenton, Missouri, 63026",-90.4447383,38.5079737
Pharmacy,D & H Prescription Drug Store,1001 West Broadway,003385,Columbia,Missouri,65203,Class A (Community/Ambulatory); Class D (Non-Sterile Compounding); Class J (Shared Services),"1001 West Broadway, Columbia, Missouri, 65203",-92.3533424,38.9525199
Pharmacy,Evans Drugs Sunrise Beach LLC,13655 N State Hwy 5,2021035003,Sunrise Beach,Missouri,65079,Class A (Community/Ambulatory); Class C (Long-Term Care); Class J (Shared Services),"13655 N State Hwy 5, Sunrise Beach, Missouri, 65079",-92.7768131,38.1488452
Pharmacy,Evans Drugs Nevada LLC,1407 W Austin Blvd,2021035006,Nevada,Missouri,64772,Class A (Community/Ambulatory); Class C (Long-Term Care); Class J (Shared Services),"1407 W Austin Blvd, Nevada, Missouri, 64772",-94.3750625,37.8364124
Pharmacy,Summit Rx Pharmacy,1405 NE Douglas St,2024012845,Lees Summit,Missouri,64086,Class A (Community/Ambulatory); Class C (Long-Term Care); Class D (Non-Sterile Compounding),"1405 NE Douglas St, Lees Summit, Missouri, 64086",-94.3777719,38.937312
Pharmacy,Walgreens #05667,6071 Telegraph Rd.,003479,Saint Louis,Missouri,63129,Class A (Community/Ambulatory); Class C (Long-Term Care); Class J (Shared Services),"6071 Telegraph Rd., Saint Louis, Missouri, 63129",-90.3070468,38.4561547
Pharmacy,Walgreens #04671,7501 Olive Blvd.,003689,University City,Missouri,63130,Class A (Community/Ambulatory); Class C (Long-Term Care); Class J (Shared Services),"7501 Olive Blvd., University City, Missouri, 63130",-90.3321296,38.67227159999999
Pharmacy,Evans Drugs,"19 Public Square, PO Box 189",003723,Stockton,Missouri,65785,Class A (Community/Ambulatory); Class C (Long-Term Care); Class J (Shared Services),"19 Public Square, PO Box 189, Stockton, Missouri, 65785",-93.796549,37.6990477
Pharmacy,Walgreens #11744,1302 Clarkson Clayton Center,003824,Ellisville,Missouri,63011,Class A (Community/Ambulatory); Class C (Long-Term Care); Class J (Shared Services),"1302 Clarkson Clayton Center, Ellisville, Missouri, 63011",-90.5863755,38.6043034
Pharmacy,West Pine Pharmacy,11 N Sarah St,003843,Saint Louis,Missouri,63108,Class A (Community/Ambulatory); Class C (Long-Term Care); Class D (Non-Sterile Compounding); Class J (Shared Services),"11 N Sarah St, Saint Louis, Missouri, 63108",-90.2468095,38.6373059
Pharmacy,Greene Pharmacy,128 W. Main,003850,Steele,Missouri,63877,Class A (Community/Ambulatory); Class D (Non-Sterile Compounding),"128 W. Main, Steele, Missouri, 63877",-89.82990889999999,36.0845387
Pharmacy,Walgreens #07680,8571 Watson Road,003886,Webster Groves,Missouri,63119,Class A (Community/Ambulatory); Class J (Shared Services),"8571 Watson Road, Webster Groves, Missouri, 63119",-90.35843539999999,38.5656791
Pharmacy,Walgreens #4392,441 N Kirkwood,003887,Kirkwood,Missouri,63122,Class A (Community/Ambulatory); Class C (Long-Term Care); Class J (Shared Services),"441 N Kirkwood, Kirkwood, Missouri, 63122",-90.40685769999999,38.5859744
Pharmacy,Walgreens #01124,460 N. Highway 67,003890,Florissant,Missouri,63031,Class A (Community/Ambulatory); Class C (Long-Term Care); Class J (Shared Services),"460 N. Highway 67, Florissant, Missouri, 63031",-90.3370054,38.79631639999999
Pharmacy,Kroger Pharmacy 386,2770 N. Westwood,004006,Poplar Bluff,Missouri,63901,Class A (Community/Ambulatory),"2770 N. Westwood, Poplar Bluff, Missouri, 63901",-90.4288243,36.7864023
Pharmacy,United Scripts LTC LLC,3411 NE Ralph Powell Rd,2018016485,Lees Summit,Missouri,64064,Class A (Community/Ambulatory); Class C (Long-Term Care); Class H (Sterile Product Compounding); Class J (Shared Services),"3411 NE Ralph Powell Rd, Lees Summit, Missouri, 64064",-94.3580685,38.9739967
Pharmacy,Gerbes Pharmacy #119,1159 E Hwy 54,2018013416,Camdenton,Missouri,65020,Class A (Community/Ambulatory),"1159 E Hwy 54, Camdenton, Missouri, 65020",-92.7446289,38.0080902
Pharmacy,Gerbes Pharmacy #122,2805 W Truman Blvd,2018013321,Jefferson City,Missouri,65109,Class A (Community/Ambulatory),"2805 W Truman Blvd, Jefferson City, Missouri, 65109",-92.22505029999999,38.5940536
Pharmacy,Gerbes Pharmacy #116,410 E North St,2018013380,Eldon,Missouri,65026,Class A (Community/Ambulatory),"410 E North St, Eldon, Missouri, 65026",-92.5770233,38.3498901
Pharmacy,Gerbes Pharmacy #124,1729 W Broadway,2018013340,Columbia,Missouri,65203,Class A (Community/Ambulatory),"1729 W Broadway, Columbia, Missouri, 65203",-92.36451149999999,38.9544637
Pharmacy,Ozarks Healthcare Pharmacy Thayer,1375 Nettleton Ave,2021041387,Thayer,Missouri,65791,Class A (Community/Ambulatory); Class C (Long-Term Care); Class J (Shared Services),"1375 Nettleton Ave, Thayer, Missouri, 65791",-91.53767599999999,36.5000079
Pharmacy,Lemonaid Pharmacy,1701 Macklind Ave Suite 300,2021029439,Saint Louis,Missouri,63110,Class A (Community/Ambulatory); Class J (Shared Services); Class K (Internet),"1701 Macklind Ave Suite 300, Saint Louis, Missouri, 63110",-90.27729459999999,38.6205082
Pharmacy,Heritage Specialty Pharmacy,255 NW Victoria Drive Suite B,2021030571,Lees Summit,Missouri,64086,Class A (Community/Ambulatory); Class M (Specialty Bleeding Disorder),"255 NW Victoria Drive Suite B, Lees Summit, Missouri, 64086",-94.386527,38.9365112
Pharmacy,Johnston Drug Inc.,214 N. Grand,004095,Clarence,Missouri,63437,Class A (Community/Ambulatory); Class C (Long-Term Care); Class D (Non-Sterile Compounding); Class J (Shared Services),"214 N. Grand, Clarence, Missouri, 63437",-92.2627129,39.744428
Pharmacy,Walgreens #04833,651 Lemay Ferry Road,004148,St. Louis,Missouri,63125,Class A (Community/Ambulatory); Class C (Long-Term Care); Class J (Shared Services),"651 Lemay Ferry Road, St. Louis, Missouri, 63125",-90.27999899999999,38.5418497
Pharmacy,Walgreens #10082,10941 Olive Blvd,004190,Creve Coeur,Missouri,63141,Class A (Community/Ambulatory); Class C (Long-Term Care); Class J (Shared Services),"10941 Olive Blvd, Creve Coeur, Missouri, 63141",-90.421336,38.67376
Pharmacy,E & S Pharmacy Inc.,1105 Walnut Street,004301,Doniphan,Missouri,63935,Class A (Community/Ambulatory); Class C (Long-Term Care); Class G (Medical Gas),"1105 Walnut Street, Doniphan, Missouri, 63935",-90.8243699,36.626797
Pharmacy,Walgreens #06024,9320 Lackland Rd,004302,Overland,Missouri,63114,Class A (Community/Ambulatory); Class J (Shared Services),"9320 Lackland Rd, Overland, Missouri, 63114",-90.36159359999999,38.6998874
Pharmacy,CVS/pharmacy #11309,1018 N Jesse James Rd,2018019296,Excelsior Springs,Missouri,64024,Class A (Community/Ambulatory); Class C (Long-Term Care); Class D (Non-Sterile Compounding); Class J (Shared Services),"1018 N Jesse James Rd, Excelsior Springs, Missouri, 64024",-94.23563689999999,39.3522809
Pharmacy,CVS/pharmacy #11307,610 Burkarth Road,2018020707,Warrensburg,Missouri,64093,Class A (Community/Ambulatory); Class C (Long-Term Care); Class D (Non-Sterile Compounding); Class J (Shared Services),"610 Burkarth Road, Warrensburg, Missouri, 64093",-93.72414889999999,38.7699209
Pharmacy,CVS/pharmacy #11310,320 E Lexington St,2018020711,Richmond,Missouri,64085,Class A (Community/Ambulatory); Class C (Long-Term Care); Class D (Non-Sterile Compounding); Class J (Shared Services),"320 E Lexington St, Richmond, Missouri, 64085",-93.9724162,39.27705900000001
Pharmacy,CVS/pharmacy #11315,600 Court St,2018020710,Fulton,Missouri,65251,Class A (Community/Ambulatory); Class C (Long-Term Care); Class D (Non-Sterile Compounding); Class J (Shared Services),"600 Court St, Fulton, Missouri, 65251",-91.9475308,38.8489158
Pharmacy,CVS/pharmacy #11317,227 S Broadway,2018019303,Salisbury,Missouri,65281,Class A (Community/Ambulatory); Class C (Long-Term Care); Class D (Non-Sterile Compounding); Class J (Shared Services),"227 S Broadway, Salisbury, Missouri, 65281",-92.8009948,39.4229333
Pharmacy,"Summers Pharmacy of Marshall, LLC",895 West College,2019005014,Marshall,Missouri,65340,Class A (Community/Ambulatory); Class C (Long-Term Care); Class D (Non-Sterile Compounding); Class J (Shared Services),"895 West College, Marshall, Missouri, 65340",-93.2097435,39.1098065
Pharmacy,UBC Pharmacy,"600 Emerson Road, Suite 300",2018035295,Creve Coeur,Missouri,63141,Class A (Community/Ambulatory); Class J (Shared Services),"600 Emerson Road, Suite 300, Creve Coeur, Missouri, 63141",-90.44662699999999,38.6670477
Pharmacy,Kismet,941 Midland Blvd,2018029915,University City,Missouri,63130,Class A (Community/Ambulatory); Class C (Long-Term Care); Class D (Non-Sterile Compounding),"941 Midland Blvd, University City, Missouri, 63130",-90.32181969999999,38.66315760000001
Pharmacy,Mercy Pharmacy Lake St. Louis,6450 Ronald Reagan Dr,2021043075,Lake Saint Louis,Missouri,63367,Class A (Community/Ambulatory); Class J (Shared Services),"6450 Ronald Reagan Dr, Lake Saint Louis, Missouri, 63367",-90.78719319999999,38.7653656
Pharmacy,"Ash Grove Pharmacy, Inc.","490 Medical Drive, PO Box 417",004465,Ash Grove,Missouri,65604,Class A (Community/Ambulatory); Class C (Long-Term Care); Class D (Non-Sterile Compounding); Class J (Shared Services),"490 Medical Drive, PO Box 417, Ash Grove, Missouri, 65604",-93.5667339,37.3205254
Pharmacy,The Drug Store,610 North Walnut,004493,Cameron,Missouri,64429,Class A (Community/Ambulatory); Class C (Long-Term Care); Class D (Non-Sterile Compounding),"610 North Walnut, Cameron, Missouri, 64429",-94.235224,39.744791
Pharmacy,Henderson's Drug Store,523 First Street,004501,Glasgow,Missouri,65254,Class A (Community/Ambulatory); Class C (Long-Term Care),"523 First Street, Glasgow, Missouri, 65254",-92.8473312,39.22628
Pharmacy,Walgreens #06350,9395 Olive Blvd.,004507,Olivette,Missouri,63132,Class A (Community/Ambulatory); Class J (Shared Services),"9395 Olive Blvd., Olivette, Missouri, 63132",-90.37553489999999,38.6748821
Pharmacy,Walgreens #01679,6411 Gravois Ave,004629,St. Louis,Missouri,63116,Class A (Community/Ambulatory); Class C (Long-Term Care); Class J (Shared Services),"6411 Gravois Ave, St. Louis, Missouri, 63116",-90.28126379999999,38.5740779
Pharmacy,Beverly Hills Pharmacy,7150 Natural Bridge,004696,St. Louis,Missouri,63121,Class A (Community/Ambulatory); Class C (Long-Term Care); Class D (Non-Sterile Compounding); Class J (Shared Services),"7150 Natural Bridge, St. Louis, Missouri, 63121",-90.2922085,38.7008183
Pharmacy,"Clark County Pharmacy, Inc.",250 S. Johnson St.,004723,Kahoka,Missouri,63445,Class A (Community/Ambulatory); Class C (Long-Term Care); Class D (Non-Sterile Compounding),"250 S. Johnson St., Kahoka, Missouri, 63445",-91.72001879999999,40.4186604
Pharmacy,Walgreens #09714,9978 Kennerly Road,004736,Saint Louis,Missouri,63128,Class A (Community/Ambulatory); Class J (Shared Services),"9978 Kennerly Road, Saint Louis, Missouri, 63128",-90.37662139999999,38.5077439
Pharmacy,Walgreens #06472,4218 Lindell Blvd.,004758,Saint Louis,Missouri,63108,Class A (Community/Ambulatory); Class C (Long-Term Care); Class J (Shared Services),"4218 Lindell Blvd., Saint Louis, Missouri, 63108",-90.24916909999999,38.64019400000001
Pharmacy,Walgreens #06220,3300 Brown Rd.,004809,Saint Louis,Missouri,63114,Class A (Community/Ambulatory); Class J (Shared Services),"3300 Brown Rd., Saint Louis, Missouri, 63114",-90.34949160000001,38.7111887
Pharmacy,Long Term Care Rx,1 A Document Dr.,004811,Saint Louis,Missouri,63114,Class A (Community/Ambulatory); Class C (Long-Term Care); Class D (Non-Sterile Compounding); Class H (Sterile Product Compounding),"1 A Document Dr., Saint Louis, Missouri, 63114",-90.3589069,38.6790057
Pharmacy,Hermitage Professional Pharmacy,23649 Dallas St,004831,Hermitage,Missouri,65668,Class A (Community/Ambulatory),"23649 Dallas St, Hermitage, Missouri, 65668",-93.3158352,37.9415268
Pharmacy,BJC Home Care Services Pharmacy,710 South Boyle Ave.,004857,Saint Louis,Missouri,63110,Class A (Community/Ambulatory); Class C (Long-Term Care); Class H (Sterile Product Compounding); Class J (Shared Services),"710 South Boyle Ave., Saint Louis, Missouri, 63110",-90.2527264,38.6317771
Pharmacy,Hometown Pharmacy,223 E 7th St,004859,Lebanon,Missouri,65536,Class A (Community/Ambulatory); Class C (Long-Term Care),"223 E 7th St, Lebanon, Missouri, 65536",-92.6694407,37.6876655
Pharmacy,John's Rx Southwest LLC,5497 N 17th St,2018032452,Ozark,Missouri,65721,Class A (Community/Ambulatory); Class C (Long-Term Care); Class D (Non-Sterile Compounding); Class J (Shared Services),"5497 N 17th St, Ozark, Missouri, 65721",-93.22449789999999,37.0710513
Pharmacy,Vivent Pharmacy,2653 Locust Street,2018043308,Saint Louis,Missouri,63103,Class A (Community/Ambulatory); Class J (Shared Services),"2653 Locust Street, Saint Louis, Missouri, 63103",-90.2156368,38.6347198
Pharmacy,"Main Street Medical Pharmacy, LLC",403 S Main St,2019013549,Gallatin,Missouri,64640,Class A (Community/Ambulatory); Class C (Long-Term Care),"403 S Main St, Gallatin, Missouri, 64640",-93.96096790000001,39.9114651
Pharmacy,Pharmax Pharmacy #1365,60A Nesbit Dr,2019010510,Bonne Terre,Missouri,63628,Class A (Community/Ambulatory); Class C (Long-Term Care),"60A Nesbit Dr, Bonne Terre, Missouri, 63628",-90.540176399999993,37.9236696
Pharmacy,Prater's Pharmacy,1711 Cherokee,004976,Seneca,Missouri,64865,Class A (Community/Ambulatory); Class C (Long-Term Care); Class J (Shared Services),"1711 Cherokee, Seneca, Missouri, 64865",-94.61022829999999,36.8362926
Pharmacy,Walgreens #05748,1490 Mexico Loop Road East,005115,O'Fallon,Missouri,63366,Class A (Community/Ambulatory); Class C (Long-Term Care); Class J (Shared Services),"1490 Mexico Loop Road East, O'Fallon, Missouri, 63366",-90.6984209,38.7899121
Pharmacy,Walgreens #01273,1391 Big Bend Rd.,005117,Ballwin,Missouri,63021,Class A (Community/Ambulatory); Class C (Long-Term Care); Class J (Shared Services),"1391 Big Bend Rd., Ballwin, Missouri, 63021",-90.4982338,38.56824599999999
Pharmacy,Hy-vee Food & Drug,301 N. E. Rice Rd.,005220,Lee's Summit,Missouri,64086,Class A (Community/Ambulatory); Class J (Shared Services),"301 N. E. Rice Rd., Lee's Summit, Missouri, 64086",-94.3594569,38.9189873
Pharmacy,"Lawrence Drug, Inc.",1454 E. Republic Road,005236,Springfield,Missouri,65804,Class A (Community/Ambulatory); Class C (Long-Term Care); Class D (Non-Sterile Compounding); Class J (Shared Services),"1454 E. Republic Road, Springfield, Missouri, 65804",-93.27023419999999,37.1368323
Pharmacy,Walgreens #15265,8390 Delmar Blvd,005259,Saint Louis,Missouri,63124-2107,Class A (Community/Ambulatory); Class C (Long-Term Care); Class J (Shared Services),"8390 Delmar Blvd, Saint Louis, Missouri, 63124-2107",-90.3546928,38.6603264
Pharmacy,Med 4 Home,2001 NE 46th St Ste 150,2019000001,Kansas City,Missouri,64116,Class A (Community/Ambulatory); Class J (Shared Services),"2001 NE 46th St Ste 150, Kansas City, Missouri, 64116",-94.5563454,39.1750235
Pharmacy,Vandivort Drug,117 W Fourth St,2019000014,Salem,Missouri,65560,Class A (Community/Ambulatory); Class C (Long-Term Care),"117 W Fourth St, Salem, Missouri, 65560",-91.5370193,37.6451138
Pharmacy,CVS/pharmacy #11407,805 N Kentucky Ave Ste 2,2019018069,West Plains,Missouri,65775,Class A (Community/Ambulatory); Class C (Long-Term Care); Class D (Non-Sterile Compounding); Class J (Shared Services),"805 N Kentucky Ave Ste 2, West Plains, Missouri, 65775",-91.8760885,36.7347434
Pharmacy,Iman's Pharmacy Inc,2360 B E 12th St,2018040223,Kansas City,Missouri,64127,Class A (Community/Ambulatory),"2360 B E 12th St, Kansas City, Missouri, 64127",-94.537618,39.0983733
Pharmacy,Gower Family Pharmacy,315 South U S Hwy 169,2018040824,Gower,Missouri,64454,Class A (Community/Ambulatory); Class C (Long-Term Care),"315 South U S Hwy 169, Gower, Missouri, 64454",-94.592604,39.6085572
Pharmacy,Grand Pharmacy,733 Grand Ave,2019000002,Hannibal,Missouri,63401,Class A (Community/Ambulatory); Class C (Long-Term Care); Class D (Non-Sterile Compounding); Class J (Shared Services),"733 Grand Ave, Hannibal, Missouri, 63401",-91.373752,39.712159
Pharmacy,Ava Rx LLC,916 Springfield Rd Ste F,2021049809,Ava,Missouri,65608,Class A (Community/Ambulatory); Class C (Long-Term Care),"916 Springfield Rd Ste F, Ava, Missouri, 65608",-92.67004899999999,36.961634
Pharmacy,Summers Pharmacy #13,"1020 Thompson Blvd, Ste 100",2021046780,Sedalia,Missouri,65301,Class A (Community/Ambulatory); Class C (Long-Term Care); Class D (Non-Sterile Compounding); Class J (Shared Services),"1020 Thompson Blvd, Ste 100, Sedalia, Missouri, 65301",-93.266742,38.7031779
Pharmacy,"ARJ Infusion Services, LLC",4405 Meramec Bottom Road Suite C,2021050448,Saint Louis,Missouri,63129,Class A (Community/Ambulatory); Class J (Shared Services); Class M (Specialty Bleeding Disorder),"4405 Meramec Bottom Road Suite C, Saint Louis, Missouri, 63129",-90.36894269999999,38.462885
Pharmacy,Walgreens #05894,6733 Clayton Rd,005260,Clayton,Missouri,63117-1603,Class A (Community/Ambulatory); Class C (Long-Term Care); Class D (Non-Sterile Compounding); Class J (Shared Services),"6733 Clayton Rd, Clayton, Missouri, 63117-1603",-90.31742129999999,38.6349774
Pharmacy,Walgreens #07762,#1 Grasso Plaza,005262,Saint Louis,Missouri,63123,Class A (Community/Ambulatory); Class C (Long-Term Care); Class J (Shared Services),"#1 Grasso Plaza, Saint Louis, Missouri, 63123",-90.3340972,38.5514277
Pharmacy,Walgreens #15941,10500 Saint Charles Rock Road,005264,Saint Ann,Missouri,63074,Class A (Community/Ambulatory); Class C (Long-Term Care); Class J (Shared Services),"10500 Saint Charles Rock Road, Saint Ann, Missouri, 63074",-90.3865122,38.7300341
Pharmacy,Walgreens #05058,776 Jeffco Blvd.,005282,Arnold,Missouri,63010,Class A (Community/Ambulatory); Class J (Shared Services),"776 Jeffco Blvd., Arnold, Missouri, 63010",-90.36829449999999,38.4483228
Pharmacy,Walgreens #02617,2329 W. Clay Street,005323,St. Charles,Missouri,63301,Class A (Community/Ambulatory); Class C (Long-Term Care); Class J (Shared Services),"2329 W. Clay Street, St. Charles, Missouri, 63301",-90.5096061,38.7830755
Pharmacy,Washington University Actu,"620 South Taylor Ave, Ste 200",005330,Saint Louis,Missouri,63110,Class A (Community/Ambulatory); Class H (Sterile Product Compounding),"620 South Taylor Ave, Ste 200, Saint Louis, Missouri, 63110",-90.2590677,38.6345957
Pharmacy,Hy-Vee Pharmacy,1525 East 23rd St S,005375,Independence,Missouri,64055,Class A (Community/Ambulatory); Class J (Shared Services),"1525 East 23rd St S, Independence, Missouri, 64055",-94.39416,39.0772263
Pharmacy,Walgreens #02501,12345 St. Charles Rock Rd.,005397,Bridgeton,Missouri,63044,Class A (Community/Ambulatory); Class C (Long-Term Care); Class D (Non-Sterile Compounding); Class J (Shared Services),"12345 St. Charles Rock Rd., Bridgeton, Missouri, 63044",-90.42789239999999,38.7536031
Pharmacy,Walgreens #02901,1705 Shackelford Rd,005495,Florissant,Missouri,63031,Class A (Community/Ambulatory); Class C (Long-Term Care); Class J (Shared Services),"1705 Shackelford Rd, Florissant, Missouri, 63031",-90.3430637,38.8192454
Pharmacy,Hometown Pharmacy,206 W 2nd St,005534,Dixon,Missouri,65459,Class A (Community/Ambulatory),"206 W 2nd St, Dixon, Missouri, 65459",-92.0958304,37.9920117
Pharmacy,Walgreens #03017,2002 Missouri Blvd.,005564,Jefferson City,Missouri,65109,Class A (Community/Ambulatory); Class C (Long-Term Care); Class D (Non-Sterile Compounding); Class J (Shared Services),"2002 Missouri Blvd., Jefferson City, Missouri, 65109",-92.20319579999999,38.5815183
Pharmacy,"Twin City Pharmacy, Inc.",106 N. First Street; PO Box 739,005585,Marble Hill,Missouri,63764,Class A (Community/Ambulatory); Class C (Long-Term Care); Class J (Shared Services),"106 N. First Street; PO Box 739, Marble Hill, Missouri, 63764",-89.9810986,37.3000058
Pharmacy,"Jones Drug Store, Inc.","125 Court St., PO Box 494",005586,Jackson,Missouri,63755,Class A (Community/Ambulatory); Class C (Long-Term Care); Class J (Shared Services),"125 Court St., PO Box 494, Jackson, Missouri, 63755",-89.6683043,37.3831992
Pharmacy,Ozark Center Pharmacy,3901 E 32nd Street,005591,Joplin,Missouri,64804,Class A (Community/Ambulatory); Class C (Long-Term Care); Class J (Shared Services),"3901 E 32nd Street, Joplin, Missouri, 64804",-94.4620739,37.0559625
Pharmacy,Family Medicine Pharmacy,2303 Village Dr Suite B,2019001961,Saint Joseph,Missouri,64506,Class A (Community/Ambulatory); Class C (Long-Term Care),"2303 Village Dr Suite B, Saint Joseph, Missouri, 64506",-94.79885639999999,39.7881131
Pharmacy,AuBurn Pharmacy #245,105 S Oak,2019000015,Nevada,Missouri,64772,Class A (Community/Ambulatory); Class D (Non-Sterile Compounding); Class J (Shared Services),"105 S Oak, Nevada, Missouri, 64772",-94.3536785,37.8373522
Pharmacy,Ozarks Healthcare Pharmacy,307 N Kentucky Avenue,2021049093,West Plains,Missouri,65775,Class A (Community/Ambulatory); Class C (Long-Term Care); Class J (Shared Services),"307 N Kentucky Avenue, West Plains, Missouri, 65775",-91.87672529999999,36.7306488
Pharmacy,CVS/pharmacy #18100,5410 Clark Lane,2022007367,Columbia,Missouri,65202,Class A (Community/Ambulatory); Class D (Non-Sterile Compounding); Class J (Shared Services),"5410 Clark Lane, Columbia, Missouri, 65202",-92.25439130000001,38.9618653
Pharmacy,Hy-Vee Pharmacy #1644,2150 E Sunshine Street,2022001631,Springfield,Missouri,65804,Class A (Community/Ambulatory); Class C (Long-Term Care); Class J (Shared Services),"2150 E Sunshine Street, Springfield, Missouri, 65804",-93.2527257,37.1804184
Pharmacy,Family Care Pharmacy at Christian Hospital,11125 Dunn Road,005670,St. Louis,Missouri,63136,Class A (Community/Ambulatory); Class J (Shared Services),"11125 Dunn Road, St. Louis, Missouri, 63136",-90.2418122,38.7758806
Pharmacy,Rogers Pharmacy,3705 N Belt Hwy,005685,Saint Joseph,Missouri,64506,Class A (Community/Ambulatory); Class C (Long-Term Care); Class D (Non-Sterile Compounding); Class G (Medical Gas); Class J (Shared Services),"3705 N Belt Hwy, Saint Joseph, Missouri, 64506",-94.8138695,39.8036252
Pharmacy,Walgreen #02616,455 HWY 61 North,005708,Hannibal,Missouri,63401,Class A (Community/Ambulatory); Class C (Long-Term Care); Class J (Shared Services),"455 HWY 61 North, Hannibal, Missouri, 63401",-91.392147,39.7127321
Pharmacy,Corum Health Services,"14805 N. Outer 40, Suite 140",005711,Chesterfield,Missouri,63017,Class A (Community/Ambulatory); Class C (Long-Term Care); Class H (Sterile Product Compounding),"14805 N. Outer 40, Suite 140, Chesterfield, Missouri, 63017",-90.5440508,38.6504908
Pharmacy,Pharmax Pharmacy #1343,113 St Francois Plaza,005737,Leadington,Missouri,63601,Class A (Community/Ambulatory); Class C (Long-Term Care),"113 St Francois Plaza, Leadington, Missouri, 63601",-90.48721689999999,37.8389925
Pharmacy,Sterling Healthcare Services,"808 Hunter, Suite 1",005741,Sikeston,Missouri,63801,Class A (Community/Ambulatory); Class C (Long-Term Care); Class D (Non-Sterile Compounding); Class H (Sterile Product Compounding); Class J (Shared Services),"808 Hunter, Suite 1, Sikeston, Missouri, 63801",-89.57930963797918,36.88433688111297
Pharmacy,Boone Plaza Pharmacy,1600 East Broadway,005802,Columbia,Missouri,65201,Class A (Community/Ambulatory),"1600 East Broadway, Columbia, Missouri, 65201",-92.3157442,38.9493002
Pharmacy,Walgreens #03594,210 State Hwy 165,005854,Branson,Missouri,65616,Class A (Community/Ambulatory); Class C (Long-Term Care); Class D (Non-Sterile Compounding); Class J (Shared Services),"210 State Hwy 165, Branson, Missouri, 65616",-93.2805302,36.6369822
Pharmacy,Mizzou Pharmacy - Ellis Fischel,"One Hospital Drive, Room PT 2000",005856,Columbia,Missouri,65212,Class A (Community/Ambulatory); Class C (Long-Term Care); Class J (Shared Services),"One Hospital Drive, Room PT 2000, Columbia, Missouri, 65212",-92.3286259,38.9376062
Pharmacy,Walgreens #03689,1140 E Kearney St,005905,Springfield,Missouri,65803,Class A (Community/Ambulatory); Class C (Long-Term Care); Class D (Non-Sterile Compounding); Class J (Shared Services),"1140 E Kearney St, Springfield, Missouri, 65803",-93.2754459,37.2401473
Pharmacy,Grove Pharmacy-Home Infusion Division,3050 S National Ave Ste 109,005915,Springfield,Missouri,65804,Class A (Community/Ambulatory); Class C (Long-Term Care); Class D (Non-Sterile Compounding); Class J (Shared Services),"3050 S National Ave Ste 109, Springfield, Missouri, 65804",-93.27677349999999,37.1585077
Pharmacy,Omnicare of Springfield,"1947 West Sunset, Suite 200",005927,Springfield,Missouri,65807,Class A (Community/Ambulatory); Class C (Long-Term Care); Class H (Sterile Product Compounding); Class J (Shared Services),"1947 West Sunset, Suite 200, Springfield, Missouri, 65807",-93.31959309999999,37.1671166
Pharmacy,Harris Pharmacy,1224 First Street,005953,Kennett,Missouri,63857,Class A (Community/Ambulatory); Class C (Long-Term Care),"1224 First Street, Kennett, Missouri, 63857",-90.0430794,36.2370971
Pharmacy,Walgreen #03687,4492 Central School Road,005996,St. Peters,Missouri,63304,Class A (Community/Ambulatory); Class C (Long-Term Care); Class J (Shared Services),"4492 Central School Road, St. Peters, Missouri, 63304",-90.6104275,38.7424768
Pharmacy,Hy-Vee Pharmacy,1617 E 9th St,006014,Trenton,Missouri,64683,Class A (Community/Ambulatory); Class C (Long-Term Care); Class J (Shared Services),"1617 E 9th St, Trenton, Missouri, 64683",-93.6015998,40.0751431
Pharmacy,Semo Drugs Of Kennett,1300 First St,006018,Kennett,Missouri,63857,Class A (Community/Ambulatory); Class C (Long-Term Care),"1300 First St, Kennett, Missouri, 63857",-90.0419902,36.2369095
Pharmacy,Hy-vee Pharmacy #2,310 SW Ward Rd,006028,Lee's Summit,Missouri,64081,Class A (Community/Ambulatory); Class J (Shared Services),"310 SW Ward Rd, Lee's Summit, Missouri, 64081",-94.3977964,38.9098046
Pharmacy,Price Chopper Pharmacy #43,1600 SE Blue Parkway,006045,Lees Summit,Missouri,64063,Class A (Community/Ambulatory),"1600 SE Blue Parkway, Lees Summit, Missouri, 64063",-94.34516630000002,38.9034759
Pharmacy,Mizzou Pharmacy - Hitt Street,1020 Hitt Street,006065,Columbia,Missouri,65212,Class A (Community/Ambulatory); Class J (Shared Services),"1020 Hitt Street, Columbia, Missouri, 65212",-92.32499639999999,38.93876410000001
Pharmacy,"Medicine Shoppe, The","11330 Gravois Rd., Ste 202",006114,Saint Louis,Missouri,63126,Class A (Community/Ambulatory); Class C (Long-Term Care); Class D (Non-Sterile Compounding),"11330 Gravois Rd., Ste 202, Saint Louis, Missouri, 63126",-90.37444160000001,38.5385804
Pharmacy,Fitzpatrick Pharmacy,15394 Manchester Road,006166,Ellisville,Missouri,63011,Class A (Community/Ambulatory); Class C (Long-Term Care); Class G (Medical Gas),"15394 Manchester Road, Ellisville, Missouri, 63011",-90.56193479999999,38.5920535
Pharmacy,Walgreens #04225,1701 NW St Rte 7,006244,Blue Springs,Missouri,64014,Class A (Community/Ambulatory); Class C (Long-Term Care); Class D (Non-Sterile Compounding); Class J (Shared Services),"1701 NW St Rte 7, Blue Springs, Missouri, 64014",-94.27226739999999,39.0376337
Pharmacy,Walgreens #04182,1801 E Langsford Rd,006245,Lees Summit,Missouri,64063,Class A (Community/Ambulatory); Class C (Long-Term Care); Class J (Shared Services),"1801 E Langsford Rd, Lees Summit, Missouri, 64063",-94.3384367,38.9161979
Pharmacy,Moser Pharmacy,900 South Main Street,006290,Salem,Missouri,65560,Class A (Community/Ambulatory); Class C (Long-Term Care),"900 South Main Street, Salem, Missouri, 65560",-91.53533019999999,37.6371709
Pharmacy,Walgreens #04222,5400 Independence Ave,006323,Kansas City,Missouri,64123,Class A (Community/Ambulatory); Class J (Shared Services),"5400 Independence Ave, Kansas City, Missouri, 64123",-94.5184991,39.1056838
Pharmacy,Walgreens #04345,2700 Telegraph Rd,006343,St. Louis,Missouri,63125,Class A (Community/Ambulatory); Class C (Long-Term Care); Class J (Shared Services),"2700 Telegraph Rd, St. Louis, Missouri, 63125",-90.291895,38.5100667
Pharmacy,Walgreens #04235,7500 Wornall Rd,006418,Kansas City,Missouri,64114,Class A (Community/Ambulatory); Class J (Shared Services),"7500 Wornall Rd, Kansas City, Missouri, 64114",-94.5949292,38.9919941
Pharmacy,Lakeland Pharmacy,18565 Bus Hwy 13,006432,Branson West,Missouri,65737,Class A (Community/Ambulatory); Class C (Long-Term Care); Class J (Shared Services),"18565 Bus Hwy 13, Branson West, Missouri, 65737",-93.3758301,36.7047664
Pharmacy,Sam's Pharmacy 10-8296,3660 E. Sunshine St,006437,Springfield,Missouri,65809,Class A (Community/Ambulatory); Class J (Shared Services),"3660 E. Sunshine St, Springfield, Missouri, 65809",-93.219718,37.1783671
Pharmacy,Walgreens #04466,3645 Frederick Ave,006438,St. Joseph,Missouri,64506,Class A (Community/Ambulatory); Class C (Long-Term Care); Class D (Non-Sterile Compounding); Class J (Shared Services),"3645 Frederick Ave, St. Joseph, Missouri, 64506",-94.8041367,39.7774914
Pharmacy,Sam's Pharmacy 10-8182,13455 Manchester Road,006464,St. Louis,Missouri,63131,Class A (Community/Ambulatory); Class J (Shared Services),"13455 Manchester Road, St. Louis, Missouri, 63131",-90.4708795,38.5989334
Pharmacy,Walgreens #04970,2310 S Old Hwy 94,006515,Saint Charles,Missouri,63303,Class A (Community/Ambulatory); Class C (Long-Term Care); Class J (Shared Services),"2310 S Old Hwy 94, Saint Charles, Missouri, 63303",-90.5404889,38.7598756
Pharmacy,Walgreens #04866,15390 New Halls Ferry Road,006559,Florissant,Missouri,63031,Class A (Community/Ambulatory); Class C (Long-Term Care); Class J (Shared Services),"15390 New Halls Ferry Road, Florissant, Missouri, 63031",-90.3087133,38.82566560000001
Pharmacy,Walgreens #04972,3937 Vogel Road,006563,Arnold,Missouri,63010,Class A (Community/Ambulatory); Class C (Long-Term Care); Class J (Shared Services),"3937 Vogel Road, Arnold, Missouri, 63010",-90.3926662,38.4145158
Pharmacy,Hy-Vee Pharmacy,1307 E. North Avenue,006572,Belton,Missouri,64012,Class A (Community/Ambulatory); Class C (Long-Term Care); Class J (Shared Services),"1307 E. North Avenue, Belton, Missouri, 64012",-94.5135628,38.8119449
Pharmacy,Sinks Pharmacy Select LLC,935 Parkwood Dr,2019033963,Rolla,Missouri,65401,Class A (Community/Ambulatory); Class C (Long-Term Care); Class J (Shared Services),"935 Parkwood Dr, Rolla, Missouri, 65401",-91.78286229999999,37.9289171
Pharmacy,John's Pharmacy Puxico,190 East Richardson Ave,2022009575,Puxico,Missouri,63960,Class A (Community/Ambulatory); Class C (Long-Term Care); Class D (Non-Sterile Compounding); Class J (Shared Services),"190 East Richardson Ave, Puxico, Missouri, 63960",-90.1590811,36.94979379999999
Pharmacy,Chillicothe Pharmacy Services,300 W Business Hwy 36,2022016112,Chillicothe,Missouri,64601,Class A (Community/Ambulatory); Class C (Long-Term Care),"300 W Business Hwy 36, Chillicothe, Missouri, 64601",-93.5392403,39.7734593
Pharmacy,"Summers Pharmacy of Slater, LLC",102 E Maple St.,2019036880,Slater,Missouri,65349,Class A (Community/Ambulatory); Class C (Long-Term Care); Class D (Non-Sterile Compounding); Class J (Shared Services); Class R (Remote Dispensing Site Pharmacy),"102 E Maple St., Slater, Missouri, 65349",-93.06075779999999,39.2201423
Pharmacy,BJC Behavioral Health North Pharmacy,1150 Graham Road Ste 102,2022028395,Florissant,Missouri,63031,Class A (Community/Ambulatory); Class J (Shared Services),"1150 Graham Road Ste 102, Florissant, Missouri, 63031",-90.33356909999999,38.7792845
Pharmacy,SSM Health Specialty Pharmacy,3662 Park Avenue Ste 155,2022020608,Saint Louis,Missouri,63110,Class A (Community/Ambulatory); Class J (Shared Services),"3662 Park Avenue Ste 155, Saint Louis, Missouri, 63110",-90.24112819999999,38.6207602
Pharmacy,Walgreens Central Fill #21394,"2601 Hughes Road, Suite 103",2022030418,Liberty,Missouri,64068,Class A (Community/Ambulatory); Class J (Shared Services),"2601 Hughes Road, Suite 103, Liberty, Missouri, 64068",-94.45587669999999,39.2023089
Pharmacy,Hy-Vee Pharmacy Fulfillment Ctr. (4065),8701 Elmwood Ave Ste 150,2022021881,Kansas City,Missouri,64132,Class A (Community/Ambulatory); Class C (Long-Term Care); Class J (Shared Services),"8701 Elmwood Ave Ste 150, Kansas City, Missouri, 64132",-94.53300019999999,38.9675718
Pharmacy,Hixson Drug,604A E South St,2019045775,Ozark,Missouri,65721,Class A (Community/Ambulatory),"604A E South St, Ozark, Missouri, 65721",-93.2017414,37.003294
Pharmacy,St Louis Pharmacy,15 N. Sarah,2019045094,Saint Louis,Missouri,63108,Class A (Community/Ambulatory); Class C (Long-Term Care); Class J (Shared Services),"15 N. Sarah, Saint Louis, Missouri, 63108",-90.24678589999999,38.6374952
Pharmacy,Katy Trail Pharmacy,305 W Main St,2022047122,Sedalia,Missouri,65301,Class A (Community/Ambulatory); Class D (Non-Sterile Compounding),"305 W Main St, Sedalia, Missouri, 65301",-93.22987719999999,38.7108892
Pharmacy,Pratts Rexall Drugs,100 Dwayne Von Behren Drive,000129,New Haven,Missouri,63068,Class A (Community/Ambulatory); Class C (Long-Term Care),"100 Dwayne Von Behren Drive, New Haven, Missouri, 63068",-91.21207989999999,38.6011889
Pharmacy,Bass Pro Shops Family Pharmacy,"2425 E Kearney St, Ste 200",2022038068,Springfield,Missouri,65803-4969,Class A (Community/Ambulatory); Class C (Long-Term Care); Class D (Non-Sterile Compounding); Class J (Shared Services),"2425 E Kearney St, Ste 200, Springfield, Missouri, 65803-4969",-93.2468524,37.2401052
Pharmacy,Piedmont Family Pharmacy,#1 Hal's Plaza Dr,2019047801,Piedmont,Missouri,63957,Class A (Community/Ambulatory); Class C (Long-Term Care),"#1 Hal's Plaza Dr, Piedmont, Missouri, 63957",-90.6990575,37.1394386
Pharmacy,Mercy Pharmacy - JFK Clinic,615 S New Ballas Rd,001818,Saint Louis,Missouri,63141,Class A (Community/Ambulatory); Class J (Shared Services),"615 S New Ballas Rd, Saint Louis, Missouri, 63141",-90.4456862,38.6473625
Pharmacy,Hometown Pharmacy,1409 N. Jefferson Street,002190,Carrollton,Missouri,64633,Class A (Community/Ambulatory); Class C (Long-Term Care); Class J (Shared Services),"1409 N. Jefferson Street, Carrollton, Missouri, 64633",-93.49481829999999,39.3757236
Pharmacy,Walgreens #06254,7199 Natural Bridge Rd.,002209,Saint Louis,Missouri,63121,Class A (Community/Ambulatory); Class C (Long-Term Care); Class J (Shared Services),"7199 Natural Bridge Rd., Saint Louis, Missouri, 63121",-90.29175889999999,38.7016078
Pharmacy,Stoner Drug,315 S. Main St.,002402,Rock Port,Missouri,64482,Class A (Community/Ambulatory); Class C (Long-Term Care),"315 S. Main St., Rock Port, Missouri, 64482",-95.5145435,40.4120195
Pharmacy,Genoa Healthcare LLC,105 Pfeiffer Ave Ste B,2023018724,Kirksville,Missouri,63501,Class A (Community/Ambulatory); Class C (Long-Term Care); Class J (Shared Services); Class R (Remote Dispensing Site Pharmacy),"105 Pfeiffer Ave Ste B, Kirksville, Missouri, 63501",-92.5588624,40.1947511
Pharmacy,"Clarest Health 7931, LLC",509 South Union Avenue,2022040569,Springfield,Missouri,65802,Class A (Community/Ambulatory); Class C (Long-Term Care); Class J (Shared Services),"509 South Union Avenue, Springfield, Missouri, 65802",-93.2340067,37.2042526
Pharmacy,Sterling Retail KC,3338 NE Ralph Powell Rd Ste E,2022046115,Lees Summit,Missouri,64064,Class A (Community/Ambulatory); Class C (Long-Term Care); Class D (Non-Sterile Compounding); Class J (Shared Services),"3338 NE Ralph Powell Rd Ste E, Lees Summit, Missouri, 64064",-94.3598377,38.9726054
Pharmacy,Costco Pharmacy #1488,8685 Olive Blvd,2022038860,University City,Missouri,63132,Class A (Community/Ambulatory); Class J (Shared Services),"8685 Olive Blvd, University City, Missouri, 63132",-90.3602163,38.6745583
Pharmacy,MediCenter Pharmacy 2220,2220 Main St,2020003956,Scott City,Missouri,63780,Class A (Community/Ambulatory); Class C (Long-Term Care); Class J (Shared Services),"2220 Main St, Scott City, Missouri, 63780",-89.5370403,37.2149392
Pharmacy,Genoa Healthcare LLC,1401 Maple Street Suite P,2020008741,Farmington,Missouri,63640,Class A (Community/Ambulatory); Class C (Long-Term Care); Class J (Shared Services); Class R (Remote Dispensing Site Pharmacy),"1401 Maple Street Suite P, Farmington, Missouri, 63640",-90.4454333,37.7909621
Pharmacy,Merryfield Pharmacy Inc,200 W. Benton St.,002637,Windsor,Missouri,65360,Class A (Community/Ambulatory); Class C (Long-Term Care),"200 W. Benton St., Windsor, Missouri, 65360",-93.52276119999999,38.5332955
Pharmacy,Austin Plaza Pharmacy Inc,410 East High St Ste A,002790,Potosi,Missouri,63664,Class A (Community/Ambulatory),"410 East High St Ste A, Potosi, Missouri, 63664",-90.78085019999999,37.9324342
Pharmacy,Walgreens #00854,5764 S. Lindbergh Blvd,002834,Saint Louis,Missouri,63123,Class A (Community/Ambulatory); Class C (Long-Term Care); Class D (Non-Sterile Compounding); Class J (Shared Services),"5764 S. Lindbergh Blvd, Saint Louis, Missouri, 63123",-90.3485085,38.5237232
Pharmacy,Walgreens #01633,7398 N. Lindbergh,002853,Hazelwood,Missouri,63042,Class A (Community/Ambulatory); Class C (Long-Term Care); Class J (Shared Services),"7398 N. Lindbergh, Hazelwood, Missouri, 63042",-90.3541298,38.7836272
Pharmacy,Swope Health Services,3801 Dr Martin Luther King Jr Blvd,002902,Kansas City,Missouri,64130,Class A (Community/Ambulatory); Class C (Long-Term Care),"3801 Dr Martin Luther King Jr Blvd, Kansas City, Missouri, 64130",-94.5398225,39.0349625
Pharmacy,Salem Memorial Hospital Pharmacy,35629 Hwy 72,003169,Salem,Missouri,65560,Class A (Community/Ambulatory); Class B (Hospital Pharmacy); Class C (Long-Term Care),"35629 Hwy 72, Salem, Missouri, 65560",-91.5692287,37.6604427
Pharmacy,"Grove Professional Pharmacy, Ltd","3050 S. National Ave., Ste. 109",003203,Springfield,Missouri,65804,Class A (Community/Ambulatory); Class C (Long-Term Care); Class J (Shared Services),"3050 S. National Ave., Ste. 109, Springfield, Missouri, 65804",-93.27677349999999,37.1585077
Pharmacy,Sam's Health Mart Pharmacy #1,300 N. Morley,003205,Moberly,Missouri,65270,Class A (Community/Ambulatory); Class C (Long-Term Care); Class J (Shared Services),"300 N. Morley, Moberly, Missouri, 65270",-92.4331091,39.4210915
Pharmacy,Beckwith Pharmacy,"107 A North Lincoln Dr., PO Box 204",003220,Troy,Missouri,63379,Class A (Community/Ambulatory); Class C (Long-Term Care),"107 A North Lincoln Dr., PO Box 204, Troy, Missouri, 63379",-90.9701793,38.9846259
Pharmacy,L & S Discount Pharmacy,406 South Main St.,003350,Charleston,Missouri,63834,Class A (Community/Ambulatory); Class C (Long-Term Care); Class D (Non-Sterile Compounding); Class J (Shared Services),"406 South Main St., Charleston, Missouri, 63834",-89.349631,36.92121960000001
Pharmacy,Walgreens #07185,917 Chesterfield Parkway East,003418,Chesterfield,Missouri,63017,Class A (Community/Ambulatory); Class C (Long-Term Care); Class J (Shared Services),"917 Chesterfield Parkway East, Chesterfield, Missouri, 63017",-90.5533677,38.655546
Pharmacy,Walgreens #03305,12661 Olive Blvd,003497,Creve Coeur,Missouri,63141,Class A (Community/Ambulatory); Class C (Long-Term Care); Class D (Non-Sterile Compounding); Class J (Shared Services),"12661 Olive Blvd, Creve Coeur, Missouri, 63141",-90.468522,38.6791683
Pharmacy,Walgreens #09481,12509 Dorsett Road,003531,Maryland Heights,Missouri,63043,Class A (Community/Ambulatory); Class C (Long-Term Care); Class J (Shared Services),"12509 Dorsett Road, Maryland Heights, Missouri, 63043",-90.45299589999999,38.7149206
Pharmacy,Rogers Pharmacy,607 State,003601,Mound City,Missouri,64470,Class A (Community/Ambulatory); Class C (Long-Term Care); Class J (Shared Services),"607 State, Mound City, Missouri, 64470",-95.2327648,40.1317053
Pharmacy,J & D Pharmacy Inc,Truman Village/1330 Commercial St,003756,Warsaw,Missouri,65355,Class A (Community/Ambulatory); Class C (Long-Term Care); Class D (Non-Sterile Compounding),"Truman Village/1330 Commercial St, Warsaw, Missouri, 65355",-93.36728804741604,38.25117313092361
Pharmacy,Rogers Pharmacy,411 Main,003813,Tarkio,Missouri,64491,Class A (Community/Ambulatory); Class C (Long-Term Care); Class J (Shared Services),"411 Main, Tarkio, Missouri, 64491",-95.38007089999999,40.440247
Pharmacy,Walgreens #05228,4400 Lemay Ferry Rd,003867,Saint Louis,Missouri,63129,Class A (Community/Ambulatory); Class C (Long-Term Care); Class J (Shared Services),"4400 Lemay Ferry Rd, Saint Louis, Missouri, 63129",-90.3322798,38.5005359
Pharmacy,Walgreens #03243,1301 S 5th St,003885,St. Charles,Missouri,63301,Class A (Community/Ambulatory); Class C (Long-Term Care); Class D (Non-Sterile Compounding); Class J (Shared Services),"1301 S 5th St, St. Charles, Missouri, 63301",-90.493218099999993,38.7720442
Pharmacy,Walgreens #10429,15253 Manchester Road,003889,Ballwin,Missouri,63011,Class A (Community/Ambulatory); Class C (Long-Term Care); Class J (Shared Services),"15253 Manchester Road, Ballwin, Missouri, 63011",-90.5572122,38.5933893
Pharmacy,Express Rx of Joplin,1227 E 32nd St Ste 5,2020008738,Joplin,Missouri,64804,Class A (Community/Ambulatory); Class C (Long-Term Care); Class D (Non-Sterile Compounding); Class J (Shared Services),"1227 E 32nd St Ste 5, Joplin, Missouri, 64804",-94.50128289999999,37.0554001
Pharmacy,AuBurn Pharmacy #215,1103 S US Hwy 169,2020011075,Smithville,Missouri,64089,Class A (Community/Ambulatory); Class C (Long-Term Care); Class D (Non-Sterile Compounding); Class J (Shared Services),"1103 S US Hwy 169, Smithville, Missouri, 64089",-94.5823643,39.3701781
Pharmacy,Walgreens #09771,9801 Manchester Rd,004104,Saint Louis,Missouri,63119-1227,Class A (Community/Ambulatory); Class J (Shared Services),"9801 Manchester Rd, Saint Louis, Missouri, 63119-1227",-90.37339039999999,38.6075211
Pharmacy,Heartland Discount Pharmacy,707 Highway 50 West,004159,Union,Missouri,63084,Class A (Community/Ambulatory); Class C (Long-Term Care),"707 Highway 50 West, Union, Missouri, 63084",-91.017594,38.4398828
Pharmacy,Alps Pharmacy Nixa,105 S Ridgecrest Ave Ste 9,2023001536,Nixa,Missouri,65714,Class A (Community/Ambulatory); Class C (Long-Term Care); Class J (Shared Services),"105 S Ridgecrest Ave Ste 9, Nixa, Missouri, 65714",-93.28518439999999,37.0428554
Pharmacy,Luttrell's Pharmacy,501 Steel St,2023009102,Seymour,Missouri,65746,Class A (Community/Ambulatory),"501 Steel St, Seymour, Missouri, 65746",-92.7735378,37.1559525
Pharmacy,Family Care Pharmacy at Parkland Health Center,"1106 Hazel Lane, Ste 140",2023007146,Farmington,Missouri,63640,Class A (Community/Ambulatory); Class B (Hospital Pharmacy); Class J (Shared Services),"1106 Hazel Lane, Ste 140, Farmington, Missouri, 63640",-90.4372363,37.7835075
Pharmacy,Evans Drugs Lockwood,725 Main St,2020010262,Lockwood,Missouri,65682,Class A (Community/Ambulatory); Class C (Long-Term Care); Class J (Shared Services),"725 Main St, Lockwood, Missouri, 65682",-93.9536205,37.3862526
Pharmacy,CVS/pharmacy #18006,577 Mid Rivers Mall Dr,2020014813,Saint Peters,Missouri,63376,Class A (Community/Ambulatory); Class D (Non-Sterile Compounding); Class J (Shared Services),"577 Mid Rivers Mall Dr, Saint Peters, Missouri, 63376",-90.6281894,38.7872338
Pharmacy,CVS/pharmacy #18007,1950 Zumbehl Rd,2020014817,Saint Charles,Missouri,63303,Class A (Community/Ambulatory); Class C (Long-Term Care); Class D (Non-Sterile Compounding); Class J (Shared Services),"1950 Zumbehl Rd, Saint Charles, Missouri, 63303",-90.52992309999999,38.7808265
Pharmacy,CVS/pharmacy #18058,60 Harvester Square,2020015199,Saint Charles,Missouri,63303,Class A (Community/Ambulatory); Class C (Long-Term Care); Class D (Non-Sterile Compounding); Class J (Shared Services),"60 Harvester Square, Saint Charles, Missouri, 63303",-90.5764724,38.7463656
Pharmacy,CVS/pharmacy #18011,2030 Dorsett Rd,2020015198,Maryland Heights,Missouri,63043,Class A (Community/Ambulatory); Class C (Long-Term Care); Class D (Non-Sterile Compounding); Class J (Shared Services),"2030 Dorsett Rd, Maryland Heights, Missouri, 63043",-90.4563135,38.7159839
Pharmacy,CVS/pharmacy #18016,20 Dillon Plaza Dr,2020016789,High Ridge,Missouri,63049,Class A (Community/Ambulatory); Class C (Long-Term Care); Class D (Non-Sterile Compounding); Class J (Shared Services),"20 Dillon Plaza Dr, High Ridge, Missouri, 63049",-90.5220902,38.4780841
Pharmacy,CVS/pharmacy #18052,45 Gravois Bluffs Plaza Dr,2020016796,Fenton,Missouri,63026,Class A (Community/Ambulatory); Class C (Long-Term Care); Class D (Non-Sterile Compounding); Class J (Shared Services),"45 Gravois Bluffs Plaza Dr, Fenton, Missouri, 63026",-90.4475027,38.5076161
Pharmacy,CVS/pharmacy #18094,942 Valley Creek Dr,2020016802,Farmington,Missouri,63640,Class A (Community/Ambulatory); Class C (Long-Term Care); Class D (Non-Sterile Compounding); Class J (Shared Services),"942 Valley Creek Dr, Farmington, Missouri, 63640",-90.4420336,37.7938276
Pharmacy,CVS/pharmacy #18082,2073 Washington Crossing,2020016373,Washington,Missouri,63090,Class A (Community/Ambulatory); Class C (Long-Term Care); Class D (Non-Sterile Compounding); Class J (Shared Services),"2073 Washington Crossing, Washington, Missouri, 63090",-91.00821669999999,38.5359743
Pharmacy,Town & Country Supermarket Pharmacy #2688,7 Hal's Plaza Dr,2020011980,Piedmont,Missouri,63957,Class A (Community/Ambulatory),"7 Hal's Plaza Dr, Piedmont, Missouri, 63957",-90.6999859,37.1385925
Pharmacy,CVS/pharmacy #11005,6211 Delmar Blvd,2020013652,Saint Louis,Missouri,63130,Class A (Community/Ambulatory); Class D (Non-Sterile Compounding); Class J (Shared Services),"6211 Delmar Blvd, Saint Louis, Missouri, 63130",-90.300088,38.6557044
Pharmacy,CVS/pharmacy #18005,7450 Hampton Ave,2020017240,Saint Louis,Missouri,63109,Class A (Community/Ambulatory); Class C (Long-Term Care); Class D (Non-Sterile Compounding); Class J (Shared Services),"7450 Hampton Ave, Saint Louis, Missouri, 63109",-90.2934531,38.5657469
Pharmacy,CVS/pharmacy #18062,1253 Water Tower Pl,2020016798,Arnold,Missouri,63010,Class A (Community/Ambulatory); Class C (Long-Term Care); Class D (Non-Sterile Compounding); Class J (Shared Services),"1253 Water Tower Pl, Arnold, Missouri, 63010",-90.37533119999999,38.4392621
Pharmacy,CVS/pharmacy #18027,9074 Overland Plaza,2020016179,Overland,Missouri,63114,Class A (Community/Ambulatory); Class C (Long-Term Care); Class D (Non-Sterile Compounding); Class J (Shared Services),"9074 Overland Plaza, Overland, Missouri, 63114",-90.3591496,38.6853238
Pharmacy,CVS/pharmacy #18018,6083 Mid Rivers Mall Dr,2020015201,Cottleville,Missouri,63304,Class A (Community/Ambulatory); Class C (Long-Term Care); Class D (Non-Sterile Compounding); Class J (Shared Services),"6083 Mid Rivers Mall Dr, Cottleville, Missouri, 63304",-90.63714859999999,38.74507029999999
Pharmacy,CVS/pharmacy #18043,11253 St. Charles Rock Rd,2020015236,Bridgeton,Missouri,63044,Class A (Community/Ambulatory); Class C (Long-Term Care); Class D (Non-Sterile Compounding); Class J (Shared Services),"11253 St. Charles Rock Rd, Bridgeton, Missouri, 63044",-90.4004491,38.7407456
Pharmacy,CVS/pharmacy #18031,8037 West Florissant Ave,2020017485,Saint Louis,Missouri,63136,Class A (Community/Ambulatory); Class C (Long-Term Care); Class D (Non-Sterile Compounding); Class J (Shared Services),"8037 West Florissant Ave, Saint Louis, Missouri, 63136",-90.2771231,38.7293943
Pharmacy,CVS/pharmacy #18047,13987 New Halls Ferry Rd,2020017275,Florissant,Missouri,63033,Class A (Community/Ambulatory); Class C (Long-Term Care); Class D (Non-Sterile Compounding); Class J (Shared Services),"13987 New Halls Ferry Rd, Florissant, Missouri, 63033",-90.3013075,38.8067683
Pharmacy,CVS/pharmacy #18034,5055 Arsenal St,2020017478,Saint Louis,Missouri,63139,Class A (Community/Ambulatory); Class C (Long-Term Care); Class D (Non-Sterile Compounding); Class J (Shared Services),"5055 Arsenal St, Saint Louis, Missouri, 63139",-90.27414759999999,38.6069446
Pharmacy,CVS/pharmacy #18029,3430 South Grand Blvd,2020017477,Saint Louis,Missouri,63118,Class A (Community/Ambulatory); Class C (Long-Term Care); Class D (Non-Sterile Compounding); Class J (Shared Services),"3430 South Grand Blvd, Saint Louis, Missouri, 63118",-90.24253209999999,38.595024
Pharmacy,CVS/pharmacy #18065,9540 Watson Rd,2020017269,Saint Louis,Missouri,63126,Class A (Community/Ambulatory); Class C (Long-Term Care); Class D (Non-Sterile Compounding); Class J (Shared Services),"9540 Watson Rd, Saint Louis, Missouri, 63126",-90.3787595,38.5571789
Pharmacy,Harps Pharmacy #205,301 T J Stewart Dr,2020013500,Park Hills,Missouri,63601,Class A (Community/Ambulatory),"301 T J Stewart Dr, Park Hills, Missouri, 63601",-90.5210711,37.8490129
Pharmacy,Harps Pharmacy #208,210 E Murta,2020013100,Fredericktown,Missouri,63645,Class A (Community/Ambulatory),"210 E Murta, Fredericktown, Missouri, 63645",-90.2904751,37.5647527
Pharmacy,CVS/pharmacy #18021,8660 Veterans Memorial Pkwy,2020015854,O Fallon,Missouri,63366,Class A (Community/Ambulatory); Class C (Long-Term Care); Class D (Non-Sterile Compounding); Class J (Shared Services),"8660 Veterans Memorial Pkwy, O Fallon, Missouri, 63366",-90.6989552,38.7991767
Pharmacy,CVS/pharmacy #18064,60 Hampton Village Plaza,2020017482,Saint Louis,Missouri,63109,Class A (Community/Ambulatory); Class C (Long-Term Care); Class D (Non-Sterile Compounding); Class J (Shared Services),"60 Hampton Village Plaza, Saint Louis, Missouri, 63109",-90.29240569999999,38.5922139
Pharmacy,CVS/pharmacy #18070,315 N 9th St,2020017483,Saint Louis,Missouri,63101,Class A (Community/Ambulatory); Class C (Long-Term Care); Class D (Non-Sterile Compounding); Class J (Shared Services),"315 N 9th St, Saint Louis, Missouri, 63101",-90.194059,38.6291509
Pharmacy,CVS/pharmacy #18001,10650 Olive Blvd,2020016163,Saint Louis,Missouri,63141,Class A (Community/Ambulatory); Class C (Long-Term Care); Class D (Non-Sterile Compounding); Class J (Shared Services),"10650 Olive Blvd, Saint Louis, Missouri, 63141",-90.4141985,38.6723721
Pharmacy,CVS/pharmacy #18028,1060 Woods Mill Plaza,2020016339,Chesterfield,Missouri,63017,Class A (Community/Ambulatory); Class C (Long-Term Care); Class D (Non-Sterile Compounding); Class J (Shared Services),"1060 Woods Mill Plaza, Chesterfield, Missouri, 63017",-90.51383670000001,38.62312319999999
Pharmacy,CVS/pharmacy #18003,4333 Butler Hill Rd,2020016782,Saint Louis,Missouri,63128,Class A (Community/Ambulatory); Class C (Long-Term Care); Class D (Non-Sterile Compounding); Class J (Shared Services),"4333 Butler Hill Rd, Saint Louis, Missouri, 63128",-90.35806649999999,38.4867469
Pharmacy,CVS/pharmacy #18036,2511 Kehr's Mill Rd,2020016340,Chesterfield,Missouri,63017,Class A (Community/Ambulatory); Class C (Long-Term Care); Class D (Non-Sterile Compounding); Class J (Shared Services),"2511 Kehr's Mill Rd, Chesterfield, Missouri, 63017",-90.5819702,38.6206361
Pharmacy,CVS/pharmacy #18074,19 South Kingshighway,2020017830,Cape Girardeau,Missouri,63703,Class A (Community/Ambulatory); Class C (Long-Term Care); Class D (Non-Sterile Compounding); Class J (Shared Services),"19 South Kingshighway, Cape Girardeau, Missouri, 63703",-89.5540965,37.30518989999999
Pharmacy,CVS/pharmacy #18053,7909 Highway N,2020015845,Dardenne Prairie,Missouri,63368,Class A (Community/Ambulatory); Class C (Long-Term Care); Class D (Non-Sterile Compounding); Class J (Shared Services),"7909 Highway N, Dardenne Prairie, Missouri, 63368",-90.7663621,38.7684899
Pharmacy,CVS/pharmacy #18023,101 Civic Center Dr,2020015850,Lake Saint Louis,Missouri,63367,Class A (Community/Ambulatory); Class C (Long-Term Care); Class D (Non-Sterile Compounding); Class J (Shared Services),"101 Civic Center Dr, Lake Saint Louis, Missouri, 63367",-90.79682389999999,38.7846565
Pharmacy,CVS/pharmacy #18056,3740 Monticello Plz,2020015840,Saint Charles,Missouri,63304,Class A (Community/Ambulatory); Class C (Long-Term Care); Class D (Non-Sterile Compounding); Class J (Shared Services),"3740 Monticello Plz, Saint Charles, Missouri, 63304",-90.5371641,38.7403676
Pharmacy,CVS/pharmacy #18055,1032 Lemay Ferry Rd,2020017265,Saint Louis,Missouri,63125,Class A (Community/Ambulatory); Class C (Long-Term Care); Class D (Non-Sterile Compounding); Class J (Shared Services),"1032 Lemay Ferry Rd, Saint Louis, Missouri, 63125",-90.2846031,38.5342369
Pharmacy,CVS/pharmacy #18025,10070 Gravois Rd,2020017254,Saint Louis,Missouri,63123,Class A (Community/Ambulatory); Class C (Long-Term Care); Class D (Non-Sterile Compounding); Class J (Shared Services),"10070 Gravois Rd, Saint Louis, Missouri, 63123",-90.33630699999999,38.5491995
Pharmacy,CVS Pharmacy #18035,1393 Big Bend,2020017256,Ballwin,Missouri,63021,Class A (Community/Ambulatory); Class C (Long-Term Care); Class D (Non-Sterile Compounding); Class J (Shared Services),"1393 Big Bend, Ballwin, Missouri, 63021",-90.4985004,38.5694602
Pharmacy,CVS/pharmacy #18045,5434 Southfield Center,2020017264,Saint Louis,Missouri,63123,Class A (Community/Ambulatory); Class C (Long-Term Care); Class D (Non-Sterile Compounding); Class J (Shared Services),"5434 Southfield Center, Saint Louis, Missouri, 63123",-90.3590462,38.5261565
Pharmacy,Sam's Health Mart Pharmacy #3,300 N. Church St.,004390,Fayette,Missouri,65248,Class A (Community/Ambulatory); Class C (Long-Term Care); Class J (Shared Services),"300 N. Church St., Fayette, Missouri, 65248",-92.6850764,39.1472619
Pharmacy,Walgreens #05120,12006 Manchester Rd,004479,Des Peres,Missouri,63131,Class A (Community/Ambulatory); Class C (Long-Term Care); Class D (Non-Sterile Compounding); Class J (Shared Services),"12006 Manchester Rd, Des Peres, Missouri, 63131",-90.4352775,38.6012856
Pharmacy,Walgreens #09436,9807 Watson Rd,004606,Saint Louis,Missouri,63126-1824,Class A (Community/Ambulatory); Class C (Long-Term Care); Class J (Shared Services),"9807 Watson Rd, Saint Louis, Missouri, 63126-1824",-90.3885942,38.5573249
Pharmacy,Walgreens #04867,3160 N. Hwy 67,004614,Florissant,Missouri,63033,Class A (Community/Ambulatory); Class C (Long-Term Care); Class J (Shared Services),"3160 N. Hwy 67, Florissant, Missouri, 63033",-90.2976095,38.8091231
Pharmacy,Medicine Shoppe,100 North Main,004653,Desoto,Missouri,63020,Class A (Community/Ambulatory); Class C (Long-Term Care),"100 North Main, Desoto, Missouri, 63020",-90.55397760000001,38.139132
Pharmacy,Stevenson Family Pharmacy,6201 King Hill Ave,004687,St. Joseph,Missouri,64504,Class A (Community/Ambulatory); Class C (Long-Term Care),"6201 King Hill Ave, St. Joseph, Missouri, 64504",-94.86200420000002,39.7115489
Pharmacy,Hy-Vee Pharmacy (1406),1217 South Main,1999134963,Maryville,Missouri,64468,Class A (Community/Ambulatory); Class C (Long-Term Care); Class J (Shared Services),"1217 South Main, Maryville, Missouri, 64468",-94.87248509999999,40.3336621
Pharmacy,Dr. Tim's Pharmacy,125 N Jefferson,2023006692,Saint James,Missouri,65559,Class A (Community/Ambulatory); Class C (Long-Term Care),"125 N Jefferson, Saint James, Missouri, 65559",-91.6154327,37.9981999
Pharmacy,"MAC Rx of Missouri, LLC",3196 Riverport Tech Center Dr,2023004473,Maryland Heights,Missouri,63043,Class A (Community/Ambulatory); Class B (Hospital Pharmacy); Class C (Long-Term Care); Class D (Non-Sterile Compounding); Class H (Sterile Product Compounding); Class I (Consultant Services),"3196 Riverport Tech Center Dr, Maryland Heights, Missouri, 63043",-90.4718632,38.7515033
Pharmacy,BaeCare Rx,3821 McClay Rd Ste B,2023006329,Saint Peters,Missouri,63376,Class A (Community/Ambulatory); Class C (Long-Term Care),"3821 McClay Rd Ste B, Saint Peters, Missouri, 63376",-90.5849267,38.7575075
Pharmacy,Kroger Sav-on Pharmacy #724,#1 Troy Square,004763,Troy,Missouri,63379,Class A (Community/Ambulatory),"#1 Troy Square, Troy, Missouri, 63379",-90.97601790000002,38.9884168
Pharmacy,Walgreens #05749,500 Howdershell Rd,004786,Florissant,Missouri,63031,Class A (Community/Ambulatory); Class C (Long-Term Care); Class J (Shared Services),"500 Howdershell Rd, Florissant, Missouri, 63031",-90.3627528,38.8039561
Pharmacy,Saults Drug Store,505 Court,004787,Fulton,Missouri,65251,Class A (Community/Ambulatory); Class C (Long-Term Care),"505 Court, Fulton, Missouri, 65251",-91.94795859999999,38.84670819999999
Pharmacy,Mizzou Pharmacy-S. Providence,551 Veterans United Dr.,004802,Columbia,Missouri,65201,Class A (Community/Ambulatory); Class C (Long-Term Care); Class J (Shared Services),"551 Veterans United Dr., Columbia, Missouri, 65201",-92.3321673,38.9009813
Pharmacy,Kinkead Pharmacy Inc.,105 S. Allen,004823,Centralia,Missouri,65240,Class A (Community/Ambulatory); Class C (Long-Term Care),"105 S. Allen, Centralia, Missouri, 65240",-92.1392892,39.2114264
Pharmacy,Walgreens #06432,2401 S. Brentwood Blvd.,004865,Brentwood,Missouri,63144,Class A (Community/Ambulatory); Class J (Shared Services),"2401 S. Brentwood Blvd., Brentwood, Missouri, 63144",-90.3492157,38.617219
Pharmacy,Walgreens #06246,909 Jungermann Rd,004888,Saint Peters,Missouri,63376,Class A (Community/Ambulatory); Class C (Long-Term Care); Class J (Shared Services),"909 Jungermann Rd, Saint Peters, Missouri, 63376",-90.5815442,38.7737528
Pharmacy,Hy-Vee Food And Drug Store,9400  E. 350 Highway,004939,Raytown,Missouri,64133,Class A (Community/Ambulatory); Class C (Long-Term Care); Class J (Shared Services),"9400  E. 350 Highway, Raytown, Missouri, 64133",-94.4695156,38.9936824
Pharmacy,Family Pharmacy,806 N. Sturgeon,004995,Montgomery City,Missouri,63361,Class A (Community/Ambulatory); Class C (Long-Term Care),"806 N. Sturgeon, Montgomery City, Missouri, 63361",-91.5094933,38.9847914
Pharmacy,Walgreens #06023,190 North Florissant Rd,005001,Ferguson,Missouri,63135,Class A (Community/Ambulatory); Class C (Long-Term Care); Class J (Shared Services),"190 North Florissant Rd, Ferguson, Missouri, 63135",-90.30611359999999,38.7481183
Pharmacy,Senior Scripts,739 Goddard Avenue,1999135462,Chesterfield,Missouri,63005,Class A (Community/Ambulatory); Class C (Long-Term Care); Class J (Shared Services),"739 Goddard Avenue, Chesterfield, Missouri, 63005",-90.63611569999999,38.67219110000001
Pharmacy,Lindenwood Drug,6903 Lansdowne,005214,St. Louis,Missouri,63109,Class A (Community/Ambulatory); Class C (Long-Term Care); Class D (Non-Sterile Compounding),"6903 Lansdowne, St. Louis, Missouri, 63109",-90.31000859999999,38.5915974
Pharmacy,"Corner Drug Store, The",308 W. Dallas,005240,Buffalo,Missouri,65622,Class A (Community/Ambulatory); Class C (Long-Term Care),"308 W. Dallas, Buffalo, Missouri, 65622",-93.0947652,37.6399097
Pharmacy,Walgreens #03906,7339 Gravois Ave,005258,St. Louis,Missouri,63116,Class A (Community/Ambulatory); Class C (Long-Term Care); Class J (Shared Services),"7339 Gravois Ave, St. Louis, Missouri, 63116",-90.2949862,38.5644358
Pharmacy,Walgreens #07050,519 S. Truman Blvd.,005261,Festus,Missouri,63028,Class A (Community/Ambulatory); Class C (Long-Term Care); Class D (Non-Sterile Compounding); Class J (Shared Services),"519 S. Truman Blvd., Festus, Missouri, 63028",-90.38883679999999,38.2151462
Pharmacy,Debbie's Pharmacy,815 Hazelwest Drive,2020023361,Hazelwood,Missouri,63042,Class A (Community/Ambulatory); Class C (Long-Term Care); Class D (Non-Sterile Compounding),"815 Hazelwest Drive, Hazelwood, Missouri, 63042",-90.3776436,38.7837168
Pharmacy,Walgreens #05357,9300 E Gregory Blvd,1999138445,Raytown,Missouri,64133,Class A (Community/Ambulatory); Class J (Shared Services),"9300 E Gregory Blvd, Raytown, Missouri, 64133",-94.4734318,38.9952921
Pharmacy,Walgreens #05287,1155 E. St. Louis,2000144472,Springfield,Missouri,65806,Class A (Community/Ambulatory); Class C (Long-Term Care); Class J (Shared Services),"1155 E. St. Louis, Springfield, Missouri, 65806",-93.2764835,37.2100712
Pharmacy,Walgreens #16326,2315 S Kingshighway Blvd,2000144154,Saint Louis,Missouri,63110,Class A (Community/Ambulatory); Class C (Long-Term Care); Class J (Shared Services),"2315 S Kingshighway Blvd, Saint Louis, Missouri, 63110",-90.26831949999999,38.6121528
Pharmacy,Polaris Pharmacy Services of Missouri,"206 NW Plaza Drive, Suite 206",2023022883,Riverside,Missouri,64150-9574,Class A (Community/Ambulatory); Class C (Long-Term Care); Class D (Non-Sterile Compounding); Class H (Sterile Product Compounding); Class J (Shared Services),"206 NW Plaza Drive, Suite 206, Riverside, Missouri, 64150-9574",-94.6104338,39.1657871
Pharmacy,"Healthdirect Institutional Pharmacy Services, Inc. #147",4083 N State Highway NN,2020028479,Ozark,Missouri,65721,Class A (Community/Ambulatory); Class C (Long-Term Care); Class D (Non-Sterile Compounding); Class H (Sterile Product Compounding); Class J (Shared Services),"4083 N State Highway NN, Ozark, Missouri, 65721",-93.21960430000001,37.0561872
Pharmacy,Neighborhood LTC Pharmacy,"2525 NW South Outer Road, Ste D",2020033745,Blue Springs,Missouri,64015,Class A (Community/Ambulatory); Class C (Long-Term Care); Class J (Shared Services),"2525 NW South Outer Road, Ste D, Blue Springs, Missouri, 64015",-94.2941268,39.0320058
Pharmacy,Wash U School of Medicine - Infectious Diseases Pharmacy,620 S Taylor Ave Room 202,2021007497,Saint Louis,Missouri,63110,Class A (Community/Ambulatory); Class J (Shared Services),"620 S Taylor Ave Room 202, Saint Louis, Missouri, 63110",-90.25932809999999,38.6343381
Pharmacy,Summers Pharmacy of Boonville,800 Main St,2020031497,Boonville,Missouri,65233,Class A (Community/Ambulatory); Class C (Long-Term Care); Class D (Non-Sterile Compounding); Class J (Shared Services),"800 Main St, Boonville, Missouri, 65233",-92.7418746,38.9705818
Pharmacy,Walgreens #05247,3915 S Noland Rd,2000151092,Independence,Missouri,64055,Class A (Community/Ambulatory); Class C (Long-Term Care); Class J (Shared Services),"3915 S Noland Rd, Independence, Missouri, 64055",-94.4144637,39.0493807
Pharmacy,Walgreens #05285,5050 Lemay Ferry Rd,2000148830,St. Louis,Missouri,63129,Class A (Community/Ambulatory); Class C (Long-Term Care); Class J (Shared Services),"5050 Lemay Ferry Rd, St. Louis, Missouri, 63129",-90.34805209999999,38.4860471
Pharmacy,Express Scripts,4600 North Hanley Rd.,2000148285,Saint Louis,Missouri,63134,Class A (Community/Ambulatory); Class J (Shared Services),"4600 North Hanley Rd., Saint Louis, Missouri, 63134",-90.316155,38.723989
Pharmacy,Sam's Pharmacy 10-6252,196 THF Blvd.,2000148969,Chesterfield,Missouri,63005,Class A (Community/Ambulatory); Class J (Shared Services),"196 THF Blvd., Chesterfield, Missouri, 63005",-90.60114639999999,38.6660537
Pharmacy,Benton Pharmacy,6468 MO-77,2023034332,Benton,Missouri,63736,Class A (Community/Ambulatory); Class C (Long-Term Care); Class D (Non-Sterile Compounding); Class J (Shared Services),"6468 MO-77, Benton, Missouri, 63736",-89.5428501,37.0912619
Pharmacy,Hometown Pharmacy,601 Locust St.,2023026622,Chillicothe,Missouri,64601,Class A (Community/Ambulatory); Class C (Long-Term Care); Class J (Shared Services),"601 Locust St., Chillicothe, Missouri, 64601",-93.5523939,39.7935791
Pharmacy,Ozarks Healthcare Pharmacy Mountain Grove,500 E. 19th Street Suite D,2023038397,Mountain Grove,Missouri,65711,Class A (Community/Ambulatory); Class C (Long-Term Care); Class J (Shared Services),"500 E. 19th Street Suite D, Mountain Grove, Missouri, 65711",-92.25994899999999,37.14666
Pharmacy,Vivent Pharmacy,3915 Watson Rd Ste 200,2023028006,Saint Louis,Missouri,63109,Class A (Community/Ambulatory); Class J (Shared Services),"3915 Watson Rd Ste 200, Saint Louis, Missouri, 63109",-90.30184059999999,38.5943447
Pharmacy,SEMO Drug Pharmacy,225 S 3rd St,2023026665,Hayti,Missouri,63851,Class A (Community/Ambulatory); Class C (Long-Term Care),"225 S 3rd St, Hayti, Missouri, 63851",-89.74931579999999,36.2321961
Pharmacy,Childrens  Mercy Employee Wellness Center,2401 Grand Blvd Suite 100,2023032913,Kansas City,Missouri,64108,Class A (Community/Ambulatory),"2401 Grand Blvd Suite 100, Kansas City, Missouri, 64108",-94.5812558,39.0832639
Pharmacy,Good Graces Pharmacy,857 E Main St Ste 3,2020037376,Willow Springs,Missouri,65793,Class A (Community/Ambulatory); Class C (Long-Term Care); Class D (Non-Sterile Compounding),"857 E Main St Ste 3, Willow Springs, Missouri, 65793",-91.95738709999999,36.9865071
Pharmacy,Crosetti's,510 S Main St PO Box 2983,2020038375,Grain Valley,Missouri,64029,Class A (Community/Ambulatory); Class C (Long-Term Care); Class D (Non-Sterile Compounding),"510 S Main St PO Box 2983, Grain Valley, Missouri, 64029",-94.20522319999999,39.0113669
Pharmacy,Pleasant Hill Drug Store,1905 N. 7 Highway,2002009963,Pleasant Hill,Missouri,64080,Class A (Community/Ambulatory); Class C (Long-Term Care); Class D (Non-Sterile Compounding),"1905 N. 7 Highway, Pleasant Hill, Missouri, 64080",-94.2641281,38.8113235
Pharmacy,Sam's Pharmacy 10-8207,5110 N Oak Trafficway,2000169644,Kansas City,Missouri,64118,Class A (Community/Ambulatory); Class J (Shared Services),"5110 N Oak Trafficway, Kansas City, Missouri, 64118",-94.5791823,39.18653550000001
Pharmacy,Albers Medical Pharmacy,4400 Broadway #106,2023036291,Kansas City,Missouri,64111,Class A (Community/Ambulatory); Class C (Long-Term Care); Class D (Non-Sterile Compounding),"4400 Broadway #106, Kansas City, Missouri, 64111",-94.591809,39.047298
Pharmacy,Family Care Pharmacy,3023 N. Ballas Rd,2000157562,Saint Louis,Missouri,63131,Class A (Community/Ambulatory); Class D (Non-Sterile Compounding); Class J (Shared Services),"3023 N. Ballas Rd, Saint Louis, Missouri, 63131",-90.4472645,38.6369689
Pharmacy,Walgreens #05928,1011 W MacArthur,2000158436,Webb City,Missouri,64870,Class A (Community/Ambulatory); Class C (Long-Term Care); Class D (Non-Sterile Compounding); Class J (Shared Services),"1011 W MacArthur, Webb City, Missouri, 64870",-94.4753637,37.1419229
Pharmacy,Costco Pharmacy #368,4200 Rusty Rd,2002022725,Saint Louis,Missouri,63128,Class A (Community/Ambulatory); Class J (Shared Services),"4200 Rusty Rd, Saint Louis, Missouri, 63128",-90.3386588,38.5084828
Pharmacy,Family Care Health Centers Pharmacy,401 Holly Hills Ave.,2003004144,Saint Louis,Missouri,63111,Class A (Community/Ambulatory),"401 Holly Hills Ave., Saint Louis, Missouri, 63111",-90.25094589999999,38.55834189999999
Pharmacy,Ozark Mountain Compounding,806 Collins Ave,2023042033,Ava,Missouri,65608,Class A (Community/Ambulatory); Class D (Non-Sterile Compounding),"806 Collins Ave, Ava, Missouri, 65608",-92.66747749999999,36.9430188
Pharmacy,Orchard Hills Pharmacy,3816 W Chestnut Expy,2023040811,Springfield,Missouri,65802,Class A (Community/Ambulatory); Class C (Long-Term Care); Class D (Non-Sterile Compounding); Class J (Shared Services),"3816 W Chestnut Expy, Springfield, Missouri, 65802",-93.3564032,37.2118239
Pharmacy,Northwest Pharmacy Services,103 E. Cross St.,2002025765,Hamilton,Missouri,64644,Class A (Community/Ambulatory); Class C (Long-Term Care),"103 E. Cross St., Hamilton, Missouri, 64644",-93.99905890000001,39.7353609
Pharmacy,Mercy Pharmacy 94 Crossing,6211 Mid Rivers Mall Dr,2021013967,St. Peters,Missouri,63304,Class A (Community/Ambulatory); Class J (Shared Services),"6211 Mid Rivers Mall Dr, St. Peters, Missouri, 63304",-90.63707459999999,38.740735
Pharmacy,Mercy Pharmacy 79 Crossing,217 Salt Lick Rd,2021014014,Saint Peters,Missouri,63376,Class A (Community/Ambulatory); Class J (Shared Services),"217 Salt Lick Rd, Saint Peters, Missouri, 63376",-90.6564437,38.8001987
Pharmacy,Mercy Pharmacy Arnold,860 Arnold Commons Dr,2021014012,Arnold,Missouri,63010,Class A (Community/Ambulatory); Class J (Shared Services),"860 Arnold Commons Dr, Arnold, Missouri, 63010",-90.38267069999999,38.4372506
Pharmacy,Mercy Pharmacy Chesterfield,1730 Clarkson Rd,2021014004,Chesterfield,Missouri,63017,Class A (Community/Ambulatory); Class J (Shared Services),"1730 Clarkson Rd, Chesterfield, Missouri, 63017",-90.5662701,38.6414601
Pharmacy,Mercy Pharmacy Des Peres,1080 Lindemann Rd,2021013999,Des Peres,Missouri,63131,Class A (Community/Ambulatory); Class J (Shared Services),"1080 Lindemann Rd, Des Peres, Missouri, 63131",-90.43292,38.6008011
Pharmacy,Mercy Pharmacy Brentwood,8450 Eager Rd,2021013994,Brentwood,Missouri,63144,Class A (Community/Ambulatory); Class J (Shared Services),"8450 Eager Rd, Brentwood, Missouri, 63144",-90.3401287,38.62823820000001
Pharmacy,Mercy Pharmacy Warson Woods,9901 Manchester Rd,2021013989,Kirkwood,Missouri,63122,Class A (Community/Ambulatory); Class J (Shared Services),"9901 Manchester Rd, Kirkwood, Missouri, 63122",-90.3806443,38.6051107
Pharmacy,Mercy Pharmacy Telegraph,5640 Telegraph Rd,2021013985,Oakville,Missouri,63129,Class A (Community/Ambulatory); Class J (Shared Services),"5640 Telegraph Rd, Oakville, Missouri, 63129",-90.3036904,38.4668574
Pharmacy,Mercy Pharmacy Florissant,222 North Highway 67,2021013983,Florissant,Missouri,63031,Class A (Community/Ambulatory); Class J (Shared Services),"222 North Highway 67, Florissant, Missouri, 63031",-90.33883829999999,38.7947435
Pharmacy,Mercy Pharmacy Heritage,12595 Olive Blvd,2021013981,Creve Coeur,Missouri,63141,Class A (Community/Ambulatory); Class J (Shared Services),"12595 Olive Blvd, Creve Coeur, Missouri, 63141",-90.4636403,38.67745300000001
Pharmacy,Mercy Pharmacy Lemay,2516 Lemay Ferry Rd,2021013979,Lemay,Missouri,63125,Class A (Community/Ambulatory); Class J (Shared Services),"2516 Lemay Ferry Rd, Lemay, Missouri, 63125",-90.3039841,38.5190858
Pharmacy,Mercy Pharmacy Manchester,421 Lafayette Center,2021013974,Manchester,Missouri,63011,Class A (Community/Ambulatory); Class J (Shared Services),"421 Lafayette Center, Manchester, Missouri, 63011",-90.52118,38.5958524
Pharmacy,Mercy Pharmacy Southroads,12420 Tesson Ferry Rd,2021013972,Sappington,Missouri,63128,Class A (Community/Ambulatory); Class J (Shared Services),"12420 Tesson Ferry Rd, Sappington, Missouri, 63128",-90.3740998,38.508868
Pharmacy,Walgreens #05289,106 N Massey,2000164196,Nixa,Missouri,65714,Class A (Community/Ambulatory); Class C (Long-Term Care); Class D (Non-Sterile Compounding); Class J (Shared Services),"106 N Massey, Nixa, Missouri, 65714",-93.3016833,37.0441914
Pharmacy,Lee's Summit Pharmacy,1198 NE Douglas St,2023047798,Lees Summit,Missouri,64086,Class A (Community/Ambulatory),"1198 NE Douglas St, Lees Summit, Missouri, 64086",-94.3805197,38.9333517
Pharmacy,Price Chopper Pharmacy #157,937 NE Woods Chapel Rd.,2002026743,Lees Summit,Missouri,64064,Class A (Community/Ambulatory); Class J (Shared Services),"937 NE Woods Chapel Rd., Lees Summit, Missouri, 64064",-94.3575942,38.9808482
Pharmacy,"Express Scripts Specialty Distribution Services, Inc.",4600 N Hanley Road Ste B,2000168119,Saint Louis,Missouri,63134,Class A (Community/Ambulatory); Class J (Shared Services),"4600 N Hanley Road Ste B, Saint Louis, Missouri, 63134",-90.316155,38.723989
Pharmacy,Mizzou Pharmacy-Versailles,901 Kidwell Dr,2024000031,Versailles,Missouri,65084,Class A (Community/Ambulatory); Class C (Long-Term Care); Class D (Non-Sterile Compounding); Class J (Shared Services),"901 Kidwell Dr, Versailles, Missouri, 65084",-92.85398769999999,38.4276225
Pharmacy,Community Care Pharmacy of Desloge,617 N. Cowling Street Suite G,2024000033,Desloge,Missouri,63601,Class A (Community/Ambulatory); Class C (Long-Term Care); Class J (Shared Services),"617 N. Cowling Street Suite G, Desloge, Missouri, 63601",-90.5105725,37.8794251
Pharmacy,Dellwood Community Pharmacy,10208 W. Florissant,2024003913,Dellwood,Missouri,63136,Class A (Community/Ambulatory); Class J (Shared Services),"10208 W. Florissant, Dellwood, Missouri, 63136",-90.2777713,38.7544261
Pharmacy,Wal-mart Pharmacy #10-5150,1900 Maplewood Commons Dr,2004027867,Maplewood,Missouri,63143,Class A (Community/Ambulatory); Class J (Shared Services),"1900 Maplewood Commons Dr, Maplewood, Missouri, 63143",-90.3310159,38.6213799
Pharmacy,Sweet Springs Pharmacy,401 S. Locust,2004028026,Sweet Springs,Missouri,65351,Class A (Community/Ambulatory); Class C (Long-Term Care),"401 S. Locust, Sweet Springs, Missouri, 65351",-93.4145187,38.9638762
Pharmacy,Wilkinson Pharmacy,2017 S Garrison Ave,2021015449,Carthage,Missouri,64836,Class A (Community/Ambulatory); Class C (Long-Term Care); Class D (Non-Sterile Compounding),"2017 S Garrison Ave, Carthage, Missouri, 64836",-94.31515929999999,37.1541515
Pharmacy,Walgreens #06059,1003 Wolfrum Rd.,2000167742,Weldon Spring,Missouri,63304,Class A (Community/Ambulatory); Class C (Long-Term Care); Class J (Shared Services),"1003 Wolfrum Rd., Weldon Spring, Missouri, 63304",-90.6453331,38.7280644
Pharmacy,Walgreens #05552,920 N. Main Street,2000172880,O'Fallon,Missouri,63366,Class A (Community/Ambulatory); Class C (Long-Term Care); Class J (Shared Services),"920 N. Main Street, O'Fallon, Missouri, 63366",-90.6990321,38.8211591
Pharmacy,Mercy Specialty Pharmacy,3183 Riverport Tech Center Dr Ste A,2024019104,Maryland Heights,Missouri,63043,Class A (Community/Ambulatory); Class C (Long-Term Care); Class J (Shared Services),"3183 Riverport Tech Center Dr Ste A, Maryland Heights, Missouri, 63043",-90.47226760000001,38.7534156
Pharmacy,"John's Rx LTC Farmington, LLC",516 West Pine St,2024026755,Farmington,Missouri,63640,Class A (Community/Ambulatory); Class C (Long-Term Care); Class D (Non-Sterile Compounding); Class J (Shared Services),"516 West Pine St, Farmington, Missouri, 63640",-90.4262217,37.7901912
Pharmacy,Mizzou Pharmacy-University Hospital,1 Hospital Dr Rm 1L29,2024016389,Columbia,Missouri,65212,Class A (Community/Ambulatory); Class C (Long-Term Care); Class D (Non-Sterile Compounding); Class J (Shared Services),"1 Hospital Dr Rm 1L29, Columbia, Missouri, 65212",-92.32849999999999,38.9384171
Pharmacy,Boca Pharmacy,1101A N Jefferson Ave,2024021699,Saint Louis,Missouri,63106,Class A (Community/Ambulatory); Class D (Non-Sterile Compounding),"1101A N Jefferson Ave, Saint Louis, Missouri, 63106",-90.21307019999999,38.6411139
Pharmacy,Mizzou Pharmacy - Keene Street,404 Keene St.,1999136031,Columbia,Missouri,65201,Class A (Community/Ambulatory); Class C (Long-Term Care); Class D (Non-Sterile Compounding); Class J (Shared Services),"404 Keene St., Columbia, Missouri, 65201",-92.2882982,38.95755
Pharmacy,Walgreens #04989,2681 W Republic Road,1999138283,Springfield,Missouri,65807,Class A (Community/Ambulatory); Class C (Long-Term Care); Class D (Non-Sterile Compounding); Class J (Shared Services),"2681 W Republic Road, Springfield, Missouri, 65807",-93.33190270000001,37.1389007
Pharmacy,One to One Pharmacy,121 S 16th St.,2003000543,Unionville,Missouri,63565,Class A (Community/Ambulatory); Class C (Long-Term Care),"121 S 16th St., Unionville, Missouri, 63565",-93.0016275,40.4762768
Pharmacy,Sater Pharmacy,705 Main,2003001338,Cassville,Missouri,65625,Class A (Community/Ambulatory); Class C (Long-Term Care),"705 Main, Cassville, Missouri, 65625",-93.86793399999999,36.6787882
Pharmacy,Jordan Valley Community Health Center,1720 W Grand,2024035266,Springfield,Missouri,65802,Class A (Community/Ambulatory); Class C (Long-Term Care); Class J (Shared Services),"1720 W Grand, Springfield, Missouri, 65802",-93.31480069999999,37.1956723
Pharmacy,Forbes Pharmacy,100 North Grand Ave,2024022912,Houston,Missouri,65483,Class A (Community/Ambulatory); Class C (Long-Term Care); Class J (Shared Services),"100 North Grand Ave, Houston, Missouri, 65483",-91.9561323,37.3265143
Pharmacy,Hometown Pharmacy #267,606 East Mount Vernon Blvd,2024021700,Mount Vernon,Missouri,65712,Class A (Community/Ambulatory); Class C (Long-Term Care); Class D (Non-Sterile Compounding),"606 East Mount Vernon Blvd, Mount Vernon, Missouri, 65712",-93.8118341,37.0948525
Pharmacy,CVS/pharmacy #17887,900 S Grand Blvd,2024021748,Saint Louis,Missouri,63103,Class A (Community/Ambulatory); Class C (Long-Term Care); Class D (Non-Sterile Compounding); Class J (Shared Services),"900 S Grand Blvd, Saint Louis, Missouri, 63103",-90.23574699999999,38.62717610000001
Pharmacy,SSM Health Pharmacy,"2505 Mission Dr, Ste 110",2000144141,Jefferson City,Missouri,65109,Class A (Community/Ambulatory); Class C (Long-Term Care),"2505 Mission Dr, Ste 110, Jefferson City, Missouri, 65109",-92.2208881,38.5579403
Pharmacy,D & S Drug,"P O Box 667, 1226 W. Bus Hwy 60",2001013758,Dexter,Missouri,63841,Class A (Community/Ambulatory); Class C (Long-Term Care),"P O Box 667, 1226 W. Bus Hwy 60, Dexter, Missouri, 63841",-89.9821934,36.8063208
Pharmacy,Network HealthCare Missouri,1329 Horan Drive,2004034239,Fenton,Missouri,63026,Class A (Community/Ambulatory); Class C (Long-Term Care),"1329 Horan Drive, Fenton, Missouri, 63026",-90.4710015,38.5387779
Pharmacy,Stanley's Pharmacy,1369 Spur Dr,2004036066,Marshfield,Missouri,65706,Class A (Community/Ambulatory); Class D (Non-Sterile Compounding),"1369 Spur Dr, Marshfield, Missouri, 65706",-92.9281314,37.3418922
Pharmacy,Marshfield Clinic Pharmacy,483 Pomme De Terre Drive,2004036065,Marshfield,Missouri,65706,Class A (Community/Ambulatory); Class C (Long-Term Care),"483 Pomme De Terre Drive, Marshfield, Missouri, 65706",-92.9365622,37.3319375
Pharmacy,Four Rivers Pharmacy,1081 E 18th St,2024040925,Rolla,Missouri,65401,Class A (Community/Ambulatory); Class J (Shared Services),"1081 E 18th St, Rolla, Missouri, 65401",-91.755766,37.9599312
Pharmacy,Medicine Shoppe 1696,635 S Sturgeon St,2024028121,Montgomery City,Missouri,63361,Class A (Community/Ambulatory); Class C (Long-Term Care); Class D (Non-Sterile Compounding); Class J (Shared Services),"635 S Sturgeon St, Montgomery City, Missouri, 63361",-91.49903909999999,38.9702545
Pharmacy,Walgreens #04439,1191 W Kansas St,2000145220,Liberty,Missouri,64068,Class A (Community/Ambulatory); Class C (Long-Term Care); Class J (Shared Services),"1191 W Kansas St, Liberty, Missouri, 64068",-94.4418714,39.2438722
Pharmacy,"Optum Infusion Services 501, Inc",1867 Lackland Hill Parkway,2022004995,Saint Louis,Missouri,63146,Class A (Community/Ambulatory); Class J (Shared Services),"1867 Lackland Hill Parkway, Saint Louis, Missouri, 63146",-90.41437289999999,38.69478400000001
Pharmacy,Walgreens # 07743,1955 S. National Avenue,2005000296,Springfield,Missouri,65804,Class A (Community/Ambulatory); Class C (Long-Term Care); Class D (Non-Sterile Compounding); Class J (Shared Services),"1955 S. National Avenue, Springfield, Missouri, 65804",-93.2773094,37.1787202
Pharmacy,Country Mart Pharmacy #2416,"508 East 5th Street, PO Box 509",2005015586,Dixon,Missouri,65459,Class A (Community/Ambulatory),"508 East 5th Street, PO Box 509, Dixon, Missouri, 65459",-92.085459,37.9983549
Pharmacy,Wal-Mart Pharmacy #10-5261,100 Commercial Ln,2004035443,Pineville,Missouri,64856,Class A (Community/Ambulatory); Class J (Shared Services),"100 Commercial Ln, Pineville, Missouri, 64856",-94.2778871,36.5078233
Pharmacy,Sinks Pharmacy #100,"P.O. Box 934, 206 D Alvarado",2005000321,Belle,Missouri,65013,Class A (Community/Ambulatory); Class C (Long-Term Care); Class J (Shared Services),"P.O. Box 934, 206 D Alvarado, Belle, Missouri, 65013",-91.7213379,38.2873894
Pharmacy,Sinks Pharmacy South,1100 B S Bishop Ave,2005000322,Rolla,Missouri,65401,Class A (Community/Ambulatory); Class C (Long-Term Care); Class D (Non-Sterile Compounding); Class J (Shared Services),"1100 B S Bishop Ave, Rolla, Missouri, 65401",-91.7789114,37.9297902
Pharmacy,Walgreens #05873,17811 East US Highway 24,2001014018,Independence,Missouri,64056-1164,Class A (Community/Ambulatory); Class C (Long-Term Care); Class J (Shared Services),"17811 East US Highway 24, Independence, Missouri, 64056-1164",-94.3667104,39.1214817
Pharmacy,Hy Vee Pharmacy #1076,3100 Broadway West,2001019081,Columbia,Missouri,65203,Class A (Community/Ambulatory); Class C (Long-Term Care); Class J (Shared Services),"3100 Broadway West, Columbia, Missouri, 65203",-92.383634432027,38.95343544869547
Pharmacy,Sullivan County Pharmacy,511 W 3rd St,2024042788,Milan,Missouri,63556,Class A (Community/Ambulatory); Class C (Long-Term Care),"511 W 3rd St, Milan, Missouri, 63556",-93.1311224,40.2021165
Pharmacy,"Strive Pharmacy Missouri, LLC",2058 Fenton Logistics Park,2024036555,Fenton,Missouri,63026,Class A (Community/Ambulatory); Class D (Non-Sterile Compounding); Class H (Sterile Product Compounding); Class J (Shared Services),"2058 Fenton Logistics Park, Fenton, Missouri, 63026",-90.4536226,38.5463276
Pharmacy,AxivaRx of Missouri LLC,"9890 Clayton Rd, Ste 220",2024040243,Ladue,Missouri,63124,Class A (Community/Ambulatory),"9890 Clayton Rd, Ste 220, Ladue, Missouri, 63124",-90.39033289999999,38.6363262
Pharmacy,EverCare Pharmacy,1903 E 9th St,2024044092,Trenton,Missouri,64683,Class A (Community/Ambulatory); Class C (Long-Term Care); Class J (Shared Services),"1903 E 9th St, Trenton, Missouri, 64683",-93.5957866,40.0748158
Pharmacy,"Hometown Pharmacy Management, LLC",110 Leroux St,2024042400,Doniphan,Missouri,63935,Class A (Community/Ambulatory); Class C (Long-Term Care); Class D (Non-Sterile Compounding),"110 Leroux St, Doniphan, Missouri, 63935",-90.82786019999999,36.6313286
Pharmacy,Stephens Pharmacy at CMH,1100 S Springfield,2024047152,Bolivar,Missouri,65613,Class A (Community/Ambulatory); Class C (Long-Term Care); Class J (Shared Services),"1100 S Springfield, Bolivar, Missouri, 65613",-93.40524219999999,37.6033253
Pharmacy,CMH Senior Pharmacy,1100 S Springfield Ste A,2024047153,Bolivar,Missouri,65613,Class A (Community/Ambulatory); Class C (Long-Term Care); Class J (Shared Services),"1100 S Springfield Ste A, Bolivar, Missouri, 65613",-93.40524219999999,37.6033253
Pharmacy,Walgreens #07428,801 S. Limit,2003006519,Sedalia,Missouri,65301,Class A (Community/Ambulatory); Class C (Long-Term Care); Class J (Shared Services),"801 S. Limit, Sedalia, Missouri, 65301",-93.2497944,38.7045012
Pharmacy,Clarity Healthcare Pharmacy,235 Progress Rd.,2022012040,Hannibal,Missouri,63401,Class A (Community/Ambulatory); Class C (Long-Term Care),"235 Progress Rd., Hannibal, Missouri, 63401",-91.40120830000001,39.731143
Pharmacy,Pill Box Pharmacy,304 E. Jackson St. #2D PO Box 244,2005000511,Willard,Missouri,65781,Class A (Community/Ambulatory); Class C (Long-Term Care),"304 E. Jackson St. #2D PO Box 244, Willard, Missouri, 65781",-93.42501250000001,37.3023044
Pharmacy,Walgreens #05624,600 W. Karsch,2000153869,Farmington,Missouri,63640,Class A (Community/Ambulatory); Class C (Long-Term Care); Class J (Shared Services),"600 W. Karsch, Farmington, Missouri, 63640",-90.4310046,37.7889842
Pharmacy,Walgreens #05003,13992 Manchester Rd,2000155501,Ballwin,Missouri,63011,Class A (Community/Ambulatory); Class J (Shared Services),"13992 Manchester Rd, Ballwin, Missouri, 63011",-90.4901962,38.5949045
Pharmacy,Walgreens #06286,9495 Mexico Rd.,2001018914,O Fallon,Missouri,63366,Class A (Community/Ambulatory); Class C (Long-Term Care); Class J (Shared Services),"9495 Mexico Rd., O Fallon, Missouri, 63366",-90.7362046,38.7873792
Pharmacy,Green Hills Pharmacy,712 South Main,2001021786,Brookfield,Missouri,64628,Class A (Community/Ambulatory); Class C (Long-Term Care); Class H (Sterile Product Compounding),"712 South Main, Brookfield, Missouri, 64628",-93.0680864,39.7745481
Pharmacy,Lakeland Pharmacy #2,"1232 Branson Hills Parkway, Ste 205",2000157086,Branson,Missouri,65616,Class A (Community/Ambulatory); Class C (Long-Term Care); Class D (Non-Sterile Compounding); Class J (Shared Services),"1232 Branson Hills Parkway, Ste 205, Branson, Missouri, 65616",-93.22888979999999,36.6748843
Pharmacy,Walgreens #05278,3845 Broadway Blvd,2000157695,Kansas City,Missouri,64111,Class A (Community/Ambulatory); Class C (Long-Term Care); Class D (Non-Sterile Compounding); Class J (Shared Services),"3845 Broadway Blvd, Kansas City, Missouri, 64111",-94.5901773,39.05738590000001
Pharmacy,SSM Health Pharmacy,12266 DePaul Dr Suite 105,2022010500,Bridgeton,Missouri,63044,Class A (Community/Ambulatory); Class J (Shared Services),"12266 DePaul Dr Suite 105, Bridgeton, Missouri, 63044",-90.4322748,38.7504102
Pharmacy,SSM Health Pharmacy,711 Veterans Memorial Pkwy Ste 102,2022009869,Saint Charles,Missouri,63303,Class A (Community/Ambulatory); Class J (Shared Services),"711 Veterans Memorial Pkwy Ste 102, Saint Charles, Missouri, 63303",-90.4985519,38.7688385
Pharmacy,Big Bend Pharmacy,659 Big Bend Rd,2022003539,Manchester,Missouri,63021,Class A (Community/Ambulatory); Class C (Long-Term Care); Class D (Non-Sterile Compounding),"659 Big Bend Rd, Manchester, Missouri, 63021",-90.5222168,38.5691062
Pharmacy,John's Pharmacy Altenburg,8491 Main St,2022012788,Altenburg,Missouri,63732,Class A (Community/Ambulatory); Class C (Long-Term Care); Class D (Non-Sterile Compounding); Class H (Sterile Product Compounding); Class J (Shared Services),"8491 Main St, Altenburg, Missouri, 63732",-89.5907421,37.6295271
Pharmacy,Sam's Pharmacy 10-8251,2855 Veterans Memorial Parkway,2000165881,Saint Charles,Missouri,63303,Class A (Community/Ambulatory); Class J (Shared Services),"2855 Veterans Memorial Parkway, Saint Charles, Missouri, 63303",-90.5240831,38.7818602
Pharmacy,Wal-Mart Pharmacy 10-4553,11601 East US 40 Highway,2006038493,Kansas City,Missouri,64133,Class A (Community/Ambulatory); Class J (Shared Services),"11601 East US 40 Highway, Kansas City, Missouri, 64133",-94.44290286509268,39.04507349214287
Pharmacy,Walgreens #09467,880 S. Neosho Blvd.,2005013313,Neosho,Missouri,64850,Class A (Community/Ambulatory); Class C (Long-Term Care); Class D (Non-Sterile Compounding); Class J (Shared Services),"880 S. Neosho Blvd., Neosho, Missouri, 64850",-94.38413249999999,36.8586216
Pharmacy,Hy-Vee Pharmacy #1475,929 Highway D,2005009613,Osage Beach,Missouri,65065,Class A (Community/Ambulatory); Class C (Long-Term Care); Class J (Shared Services),"929 Highway D, Osage Beach, Missouri, 65065",-92.59667019999999,38.1650893
Pharmacy,Walgreens #09301,299 N Main St,2005014836,Sikeston,Missouri,63801,Class A (Community/Ambulatory); Class C (Long-Term Care); Class J (Shared Services),"299 N Main St, Sikeston, Missouri, 63801",-89.5808318,36.8803332
Pharmacy,Sam's Pharmacy 10-8163,101 Conley Road,2005020212,Columbia,Missouri,65201,Class A (Community/Ambulatory); Class J (Shared Services),"101 Conley Road, Columbia, Missouri, 65201",-92.2965902,38.951469
Pharmacy,Walgreens #05974,1305 Jungermann Road,2000165876,Saint Peters,Missouri,63376,Class A (Community/Ambulatory); Class C (Long-Term Care); Class J (Shared Services),"1305 Jungermann Road, Saint Peters, Missouri, 63376",-90.5857058,38.7567
Pharmacy,Sam's Pharmacy 10-8125,10735 W Florissant,2000170340,Ferguson,Missouri,63136,Class A (Community/Ambulatory); Class J (Shared Services),"10735 W Florissant, Ferguson, Missouri, 63136",-90.2813682,38.7646816
Pharmacy,"Elsberry Pharmacy, A Member of the Medicine Shoppe Family",106A Broadway,2001029143,Elsberry,Missouri,63343,Class A (Community/Ambulatory); Class C (Long-Term Care); Class J (Shared Services),"106A Broadway, Elsberry, Missouri, 63343",-90.781395,39.1658622
Pharmacy,Swords Family Pharmacy,300 South Ohio,005280,Sedalia,Missouri,65301,Class A (Community/Ambulatory); Class C (Long-Term Care),"300 South Ohio, Sedalia, Missouri, 65301",-93.2284274,38.7085282
Pharmacy,Hy-vee Food & Drugstore,500 N. Baltimore,005281,Kirksville,Missouri,63501,Class A (Community/Ambulatory); Class C (Long-Term Care); Class D (Non-Sterile Compounding); Class J (Shared Services),"500 N. Baltimore, Kirksville, Missouri, 63501",-92.5694762,40.19755749999999
Pharmacy,Rx Jennifer's Pharmacy,230 S. Bemiston #460,005283,Clayton,Missouri,63105,Class A (Community/Ambulatory); Class D (Non-Sterile Compounding),"230 S. Bemiston #460, Clayton, Missouri, 63105",-90.3369,38.646559
Pharmacy,Hy-vee Pharmacy,625 SW Highway 40,005307,Blue Springs,Missouri,64014,Class A (Community/Ambulatory); Class C (Long-Term Care); Class J (Shared Services),"625 SW Highway 40, Blue Springs, Missouri, 64014",-94.2826686,39.0094151
Pharmacy,Walgreens #06166,3822 S. Kingshighway,005332,Saint Louis,Missouri,63109,Class A (Community/Ambulatory); Class C (Long-Term Care); Class J (Shared Services),"3822 S. Kingshighway, Saint Louis, Missouri, 63109",-90.2723093,38.5918801
Pharmacy,SSM Health Pharmacy,1035 Bellevue Avenue,005355,St. Louis,Missouri,63117,Class A (Community/Ambulatory); Class C (Long-Term Care); Class J (Shared Services),"1035 Bellevue Avenue, St. Louis, Missouri, 63117",-90.31294090000002,38.6329002
Pharmacy,Price Chopper Pharmacy #21,500 NE Barry Rd,005403,Kansas City,Missouri,64155,Class A (Community/Ambulatory),"500 NE Barry Rd, Kansas City, Missouri, 64155",-94.5722761,39.24813779999999
Pharmacy,Option Care,1410 Heriford Drive,005410,Columbia,Missouri,65202,Class A (Community/Ambulatory); Class C (Long-Term Care); Class H (Sterile Product Compounding); Class J (Shared Services); Class M (Specialty Bleeding Disorder),"1410 Heriford Drive, Columbia, Missouri, 65202",-92.3179634,38.9689326
Pharmacy,Walgreens #02733,530 Mid Rivers Mall Drive,005433,St. Peters,Missouri,63376,Class A (Community/Ambulatory); Class C (Long-Term Care); Class D (Non-Sterile Compounding); Class J (Shared Services),"530 Mid Rivers Mall Drive, St. Peters, Missouri, 63376",-90.62557009999999,38.7870257
Pharmacy,Medicine Shoppe,"920 Plaza Drive, Suite H",005448,Saint Clair,Missouri,63077,Class A (Community/Ambulatory); Class C (Long-Term Care); Class D (Non-Sterile Compounding),"920 Plaza Drive, Suite H, Saint Clair, Missouri, 63077",-90.979951,38.3568365
Pharmacy,Hy-Vee Pharmacy,7117 N. Prospect,005503,Gladstone,Missouri,64119,Class A (Community/Ambulatory); Class C (Long-Term Care); Class J (Shared Services),"7117 N. Prospect, Gladstone, Missouri, 64119",-94.54693999999999,39.223098
Pharmacy,Walgreens #02971,2 Grandview Plz Shp Ctr Ste A,005543,Florissant,Missouri,63033,Class A (Community/Ambulatory); Class C (Long-Term Care); Class D (Non-Sterile Compounding); Class J (Shared Services),"2 Grandview Plz Shp Ctr Ste A, Florissant, Missouri, 63033",-90.2954553,38.7744615
Pharmacy,"Medicine Shoppe, The",864 N. Kingshighway,005551,Cape Girardeau,Missouri,63701,Class A (Community/Ambulatory); Class C (Long-Term Care),"864 N. Kingshighway, Cape Girardeau, Missouri, 63701",-89.5546182,37.3179367
Pharmacy,Flow's Pharmacy,1506 E. Broadway,005639,Columbia,Missouri,65201,Class A (Community/Ambulatory); Class C (Long-Term Care); Class D (Non-Sterile Compounding),"1506 E. Broadway, Columbia, Missouri, 65201",-92.3173863,38.9504431
Pharmacy,Price Chopper Pharmacy #18,8430 Wornall Road,005644,Kansas City,Missouri,64114,Class A (Community/Ambulatory); Class C (Long-Term Care),"8430 Wornall Road, Kansas City, Missouri, 64114",-94.59580199999999,38.975059
Pharmacy,Pharmax Pharmacy #1302,610 East High Street,005653,Potosi,Missouri,63664,Class A (Community/Ambulatory); Class C (Long-Term Care),"610 East High Street, Potosi, Missouri, 63664",-90.7787951,37.9308243
Pharmacy,Van Buren Drug,406 Main St PO Box 361,2003031703,Van Buren,Missouri,63965,Class A (Community/Ambulatory); Class C (Long-Term Care),"406 Main St PO Box 361, Van Buren, Missouri, 63965",-91.0150462,36.9973173
Pharmacy,Walgreens #07789,3200 S 7 Hwy,2003031302,Blue Springs,Missouri,64014,Class A (Community/Ambulatory); Class J (Shared Services),"3200 S 7 Hwy, Blue Springs, Missouri, 64014",-94.2735385,38.9874727
Pharmacy,Costco Pharmacy #375,241 East Linwood Blvd.,2001000061,Kansas City,Missouri,64111,Class A (Community/Ambulatory); Class J (Shared Services),"241 East Linwood Blvd., Kansas City, Missouri, 64111",-94.58093840927071,39.068189708636005
Pharmacy,Walgreens #06492,11404 Saint Charles Rock Rd.,2002000441,Bridgeton,Missouri,63044,Class A (Community/Ambulatory); Class J (Shared Services),"11404 Saint Charles Rock Rd., Bridgeton, Missouri, 63044",-90.4045166,38.7399846
Pharmacy,Walgreens #05717,890 Washington Corners,2002001255,Washington,Missouri,63090,Class A (Community/Ambulatory); Class C (Long-Term Care); Class D (Non-Sterile Compounding); Class J (Shared Services),"890 Washington Corners, Washington, Missouri, 63090",-91.006346,38.5388909
Pharmacy,Webber Pharmacy,"1101 W MONROE ST, STE 103",005724,Mexico,Missouri,65265,Class A (Community/Ambulatory); Class C (Long-Term Care),"1101 W MONROE ST, STE 103, Mexico, Missouri, 65265",-91.8957239,39.1746041
Pharmacy,Walgreen #03338,1 S Kingshighway,005725,Cape Girardeau,Missouri,63703,Class A (Community/Ambulatory); Class C (Long-Term Care); Class J (Shared Services),"1 S Kingshighway, Cape Girardeau, Missouri, 63703",-89.5524117,37.3064948
Pharmacy,Hy-Vee Pharmacy,1210 N. Washington,005774,Chillicothe,Missouri,64601,Class A (Community/Ambulatory); Class C (Long-Term Care); Class J (Shared Services),"1210 N. Washington, Chillicothe, Missouri, 64601",-93.5549418,39.7989805
Pharmacy,Hy-Vee Pharmacy,109 N. Blue Jay Dr,005780,Liberty,Missouri,64068,Class A (Community/Ambulatory); Class C (Long-Term Care); Class J (Shared Services),"109 N. Blue Jay Dr, Liberty, Missouri, 64068",-94.4469925,39.2458506
Pharmacy,Neels Pharmacy,#8 Crestwood Executive Center,005784,St. Louis,Missouri,63126,Class A (Community/Ambulatory); Class C (Long-Term Care); Class D (Non-Sterile Compounding),"#8 Crestwood Executive Center, St. Louis, Missouri, 63126",-90.3837193,38.556459
Pharmacy,Walgreens #03690,2640 E Sunshine St,005874,Springfield,Missouri,65804,Class A (Community/Ambulatory); Class C (Long-Term Care); Class D (Non-Sterile Compounding); Class J (Shared Services),"2640 E Sunshine St, Springfield, Missouri, 65804",-93.2424473,37.1803161
Pharmacy,Phelps Health Employee Pharmacy,1050 West 10th St.,005887,Rolla,Missouri,65401,Class A (Community/Ambulatory),"1050 West 10th St., Rolla, Missouri, 65401",-91.7853303,37.9535503
Pharmacy,Walgreens #03688,2951 South Campbell Avenue,005906,Springfield,Missouri,65807,Class A (Community/Ambulatory); Class C (Long-Term Care); Class J (Shared Services),"2951 South Campbell Avenue, Springfield, Missouri, 65807",-93.29610799999999,37.1604401
Pharmacy,Walgreens #03598,2001 S. Main Street,005928,Joplin,Missouri,64804,Class A (Community/Ambulatory); Class C (Long-Term Care); Class J (Shared Services),"2001 S. Main Street, Joplin, Missouri, 64804",-94.5135471,37.0690057
Pharmacy,Barnes-Jewish Hospital Pharmacy,One Barnes-Jewish Hospital Plaza,005932,Saint Louis,Missouri,63110,Class A (Community/Ambulatory); Class B (Hospital Pharmacy); Class C (Long-Term Care); Class D (Non-Sterile Compounding); Class H (Sterile Product Compounding); Class J (Shared Services),"One Barnes-Jewish Hospital Plaza, Saint Louis, Missouri, 63110",-90.2648881,38.6349465
Pharmacy,People's Health Center Pharmacy,5701 Delmar Blvd,005971,Saint Louis,Missouri,63112,Class A (Community/Ambulatory),"5701 Delmar Blvd, Saint Louis, Missouri, 63112",-90.28566459999999,38.6544085
Pharmacy,Blue Springs Price Chopper Pharmacy,1101 S 7 Highway,005986,Blue Springs,Missouri,64014,Class A (Community/Ambulatory); Class J (Shared Services),"1101 S 7 Highway, Blue Springs, Missouri, 64014",-94.27444299999999,39.0059377
Pharmacy,Hy-Vee Pharmacy #1,8301 N St Clair Ave,006020,Kansas City,Missouri,64151,Class A (Community/Ambulatory); Class D (Non-Sterile Compounding); Class J (Shared Services),"8301 N St Clair Ave, Kansas City, Missouri, 64151",-94.6456807,39.2457244
Pharmacy,Walgreens #06155,100 Plaza Drive,2005024555,Wildwood,Missouri,63040,Class A (Community/Ambulatory); Class J (Shared Services),"100 Plaza Drive, Wildwood, Missouri, 63040",-90.62774979999999,38.5813944
Pharmacy,Walgreens #01142,3938 Osage Beach Parkway,2005019024,Osage Beach,Missouri,65065,Class A (Community/Ambulatory); Class C (Long-Term Care); Class D (Non-Sterile Compounding); Class J (Shared Services),"3938 Osage Beach Parkway, Osage Beach, Missouri, 65065",-92.6043574,38.1572474
Pharmacy,Family Pharmacy,1600 N. Main,2001003655,Mountain Grove,Missouri,65711,Class A (Community/Ambulatory); Class C (Long-Term Care); Class J (Shared Services),"1600 N. Main, Mountain Grove, Missouri, 65711",-92.26253919999999,37.14232730000001
Pharmacy,Wal-Mart Pharmacy 10-0609,3650 Stardust Drive,2002004678,Hannibal,Missouri,63401,Class A (Community/Ambulatory); Class J (Shared Services),"3650 Stardust Drive, Hannibal, Missouri, 63401",-91.3997246,39.7239971
Pharmacy,Walgreens #04090,2920 Highway K,006117,O Fallon,Missouri,63368,Class A (Community/Ambulatory); Class C (Long-Term Care); Class D (Non-Sterile Compounding); Class J (Shared Services),"2920 Highway K, O Fallon, Missouri, 63368",-90.69635009999999,38.7566338
Pharmacy,Walgreens #03652,1001 Bowles Ave.,006133,Fenton,Missouri,63026,Class A (Community/Ambulatory); Class C (Long-Term Care); Class J (Shared Services),"1001 Bowles Ave., Fenton, Missouri, 63026",-90.47405719999999,38.524175
Pharmacy,Mizzou Pharmacy-Fairview,101 S. Fairview Road,006152,Columbia,Missouri,65203,Class A (Community/Ambulatory); Class C (Long-Term Care); Class J (Shared Services),"101 S. Fairview Road, Columbia, Missouri, 65203",-92.3813038,38.9531853
Pharmacy,Spalitto's Pharmacy,3801 Independence Ave.,006292,Kansas City,Missouri,64124,Class A (Community/Ambulatory); Class C (Long-Term Care); Class D (Non-Sterile Compounding),"3801 Independence Ave., Kansas City, Missouri, 64124",-94.5369375,39.1055451
Pharmacy,Healing Arts & Specialty Pharmacy,3250 Gordonville Rd.,006311,Cape Girardeau,Missouri,63703,Class A (Community/Ambulatory); Class C (Long-Term Care); Class J (Shared Services),"3250 Gordonville Rd., Cape Girardeau, Missouri, 63703",-89.5709805,37.3031865
Pharmacy,Walgreens #04212,2501 E. Linwood Blvd.,006322,Kansas City,Missouri,64128,Class A (Community/Ambulatory); Class J (Shared Services),"2501 E. Linwood Blvd., Kansas City, Missouri, 64128",-94.5207162,39.0695198
Pharmacy,Walgreens #04584,1993 Wentzville Pkwy,006373,Wentzville,Missouri,63385,Class A (Community/Ambulatory); Class C (Long-Term Care); Class J (Shared Services),"1993 Wentzville Pkwy, Wentzville, Missouri, 63385",-90.8760789,38.8134336
Pharmacy,Jefferson City Medical Group Pharmacy,1241 West Stadium Blvd.,006386,Jefferson City,Missouri,65109,Class A (Community/Ambulatory),"1241 West Stadium Blvd., Jefferson City, Missouri, 65109",-92.2143669,38.570238
Pharmacy,Walgreens #04224,1536 E. 23rd Street S,006387,Independence,Missouri,64055,Class A (Community/Ambulatory); Class J (Shared Services),"1536 E. 23rd Street S, Independence, Missouri, 64055",-94.39115,39.0790632
Pharmacy,Walgreens #05146,1000 Club Village Dr.,2002005186,Columbia,Missouri,65203,Class A (Community/Ambulatory); Class J (Shared Services),"1000 Club Village Dr., Columbia, Missouri, 65203",-92.3546235,38.90947450000001
Pharmacy,Wal-Mart Pharmacy 10-444,3315 South Campbell,2002009663,Springfield,Missouri,65807,Class A (Community/Ambulatory); Class J (Shared Services),"3315 South Campbell, Springfield, Missouri, 65807",-93.2989334,37.1534491
Pharmacy,Wal-Mart Pharmacy 10-86,2825 N. Kansas Expressway,2002008580,Springfield,Missouri,65803,Class A (Community/Ambulatory); Class J (Shared Services),"2825 N. Kansas Expressway, Springfield, Missouri, 65803",-93.31308279999999,37.249011
Pharmacy,Wal-Mart Pharmacy 10-914,1401 Old Exeter Road,2002009444,Cassville,Missouri,65625,Class A (Community/Ambulatory); Class J (Shared Services),"1401 Old Exeter Road, Cassville, Missouri, 65625",-93.889805,36.6770123
Pharmacy,Wal-Mart Pharmacy 10-14,1800 S. Jefferson,2002009385,Lebanon,Missouri,65536,Class A (Community/Ambulatory); Class J (Shared Services),"1800 S. Jefferson, Lebanon, Missouri, 65536",-92.64587739999999,37.663488
Pharmacy,Wal-Mart Pharmacy 10-17,3200 Lusk Drive,2002008568,Neosho,Missouri,64850,Class A (Community/Ambulatory); Class J (Shared Services),"3200 Lusk Drive, Neosho, Missouri, 64850",-94.3966715,36.8391185
Pharmacy,Wal-Mart Pharmacy 10-48,885 Highway 60,2002008562,Monett,Missouri,65708,Class A (Community/Ambulatory); Class J (Shared Services),"885 Highway 60, Monett, Missouri, 65708",-93.9031397,36.9117441
Pharmacy,Wal-Mart Pharmacy 10-0027,1101 Hwy 32 West,2002009442,Salem,Missouri,65560,Class A (Community/Ambulatory); Class J (Shared Services),"1101 Hwy 32 West, Salem, Missouri, 65560",-91.54605047443994,37.63451138264696
Pharmacy,Wal-Mart Pharmacy 10-51,1701 North Bluff Street,2002008581,Fulton,Missouri,65251,Class A (Community/Ambulatory); Class J (Shared Services),"1701 North Bluff Street, Fulton, Missouri, 65251",-91.9452543,38.8643115
Pharmacy,Wal-Mart Pharmacy 10-159,415 Conley Rd.,2002009259,Columbia,Missouri,65201,Class A (Community/Ambulatory); Class J (Shared Services),"415 Conley Rd., Columbia, Missouri, 65201",-92.29673799999999,38.9549114
Pharmacy,Wal-Mart Pharmacy 10-189,2206 North Baltimore,2002008569,Kirksville,Missouri,63501,Class A (Community/Ambulatory); Class J (Shared Services),"2206 North Baltimore, Kirksville, Missouri, 63501",-92.5795581,40.2166912
Pharmacy,Wal-Mart Pharmacy 10-1265,10741 West Florissant Ave,2002007818,Saint Louis,Missouri,63136,Class A (Community/Ambulatory); Class J (Shared Services),"10741 West Florissant Ave, Saint Louis, Missouri, 63136",-90.28357559999999,38.7660872
Pharmacy,Wal-Mart Pharmacy 10-59,1501 South Rangeline Rd.,2002008578,Joplin,Missouri,64804,Class A (Community/Ambulatory); Class J (Shared Services),"1501 South Rangeline Rd., Joplin, Missouri, 64804",-94.4731451,37.0730558
Pharmacy,Wal-Mart Pharmacy 10-60,101 Hwy 47 East,2002008577,Troy,Missouri,63379,Class A (Community/Ambulatory); Class J (Shared Services),"101 Hwy 47 East, Troy, Missouri, 63379",-90.9815433,38.9884649
Pharmacy,Wal-Mart Pharmacy 10-1161,2897 Veteran's Memorial Drive,2002008564,Saint Charles,Missouri,63303,Class A (Community/Ambulatory); Class J (Shared Services),"2897 Veteran's Memorial Drive, Saint Charles, Missouri, 63303",-90.5279663,38.7821961
Pharmacy,Wal-Mart Pharmacy 10-834,810 South 37th Street,2002009254,Bethany,Missouri,64424,Class A (Community/Ambulatory); Class J (Shared Services),"810 South 37th Street, Bethany, Missouri, 64424",-94.017172,40.2621946
Pharmacy,Wal-Mart Pharmacy 10-219,3201 West Broadway,2002008574,Sedalia,Missouri,65301,Class A (Community/Ambulatory); Class J (Shared Services),"3201 West Broadway, Sedalia, Missouri, 65301",-93.2709433,38.7067009
Pharmacy,Wal-Mart Pharmacy 10-1120,7207 North M-1 Hwy,2002008565,Gladstone,Missouri,64119,Class A (Community/Ambulatory); Class J (Shared Services),"7207 North M-1 Hwy, Gladstone, Missouri, 64119",-94.5484887,39.2097752
Pharmacy,Wal-Mart Pharmacy 10-0013,2705 Grand Ave.,2002009441,Carthage,Missouri,64836,Class A (Community/Ambulatory); Class J (Shared Services),"2705 Grand Ave., Carthage, Missouri, 64836",-94.31359959999999,37.1413642
Pharmacy,Wal-Mart Pharmacy 10-122,3051 East Jackson Blvd.,2002008575,Jackson,Missouri,63755,Class A (Community/Ambulatory); Class J (Shared Services),"3051 East Jackson Blvd., Jackson, Missouri, 63755",-89.6346703,37.362083
Pharmacy,Wal-Mart Pharmacy 10-2221,2021 East Independence,2002009339,Springfield,Missouri,65804,Class A (Community/Ambulatory); Class J (Shared Services),"2021 East Independence, Springfield, Missouri, 65804",-93.25835800000002,37.14414530000001
Pharmacy,Wal-Mart Pharmacy 10-325,908 Walton Way,2002009258,Richmond,Missouri,64085,Class A (Community/Ambulatory); Class J (Shared Services),"908 Walton Way, Richmond, Missouri, 64085",-93.9634459,39.2635116
Pharmacy,Wal-Mart Pharmacy 10-44,1802 S Bus Hwy. 54 Po Box 348,2002009306,Eldon,Missouri,65026,Class A (Community/Ambulatory); Class J (Shared Services),"1802 S Bus Hwy. 54 Po Box 348, Eldon, Missouri, 65026",-92.58157589999999,38.34836360000001
Pharmacy,Wal-Mart Pharmacy 10-37,701 Walton Drive,2002009257,Farmington,Missouri,63640,Class A (Community/Ambulatory); Class J (Shared Services),"701 Walton Drive, Farmington, Missouri, 63640",-90.43516989999999,37.7892701
Pharmacy,Wal-Mart Pharmacy 10-25,4820 South Clark St,2002009255,Mexico,Missouri,65265,Class A (Community/Ambulatory); Class J (Shared Services),"4820 South Clark St, Mexico, Missouri, 65265",-91.8905977,39.1204977
Pharmacy,Wal-Mart Pharmacy 10-82,1750 S. Perryville,2002009499,Perryville,Missouri,63775,Class A (Community/Ambulatory); Class J (Shared Services),"1750 S. Perryville, Perryville, Missouri, 63775",-89.89595709999999,37.70562
Pharmacy,Wal-Mart Pharmacy 10-2994,3022 South Belt Hwy.,2002009252,Saint Joseph,Missouri,64503,Class A (Community/Ambulatory); Class J (Shared Services),"3022 South Belt Hwy., Saint Joseph, Missouri, 64503",-94.80418859999999,39.7369868
Pharmacy,Wal-Mart Pharmacy 10-845,1250 West Dallas,2002009448,Buffalo,Missouri,65622,Class A (Community/Ambulatory); Class J (Shared Services),"1250 West Dallas, Buffalo, Missouri, 65622",-93.1061529,37.6390809
Pharmacy,Wal-Mart Pharmacy 10-15,1310 Preacher Roe Blvd,2002009336,West Plains,Missouri,65775,Class A (Community/Ambulatory); Class J (Shared Services),"1310 Preacher Roe Blvd, West Plains, Missouri, 65775",-91.87045669999999,36.7146414
Pharmacy,Wal-Mart Pharmacy 10-2213,3270 Telegraph Rd.,2002009485,Saint Louis,Missouri,63125,Class A (Community/Ambulatory); Class J (Shared Services),"3270 Telegraph Rd., Saint Louis, Missouri, 63125",-90.2963576,38.4947943
Pharmacy,Wal-Mart Pharmacy 10-61,301 E. Cooper Ave.,2002009500,Warrensburg,Missouri,64093,Class A (Community/Ambulatory); Class J (Shared Services),"301 E. Cooper Ave., Warrensburg, Missouri, 64093",-93.73761379999999,38.7795526
Pharmacy,Wal-Mart Pharmacy 10-96,1700 North 291 Highway,2002009337,Harrisonville,Missouri,64701,Class A (Community/Ambulatory); Class J (Shared Services),"1700 North 291 Highway, Harrisonville, Missouri, 64701",-94.368718,38.66659
Pharmacy,Wal-Mart Pharmacy 10-190,1500 East First Street,2002009762,Kennett,Missouri,63857,Class A (Community/Ambulatory); Class J (Shared Services),"1500 East First Street, Kennett, Missouri, 63857",-90.03745599999999,36.2386159
Pharmacy,Wal-Mart Pharmacy 10-46,2451 S. Springfield Ave,2002009514,Bolivar,Missouri,65613,Class A (Community/Ambulatory); Class J (Shared Services),"2451 S. Springfield Ave, Bolivar, Missouri, 65613",-93.4037883,37.5917466
Pharmacy,Wal-Mart Pharmacy 10-69,650 S. Truman Blvd.,2002009480,Festus,Missouri,63028,Class A (Community/Ambulatory); Class J (Shared Services),"650 S. Truman Blvd., Festus, Missouri, 63028",-90.3886678,38.2121024
Pharmacy,Wal-Mart Pharmacy 10-92,3020 South Elliott,2002009528,Aurora,Missouri,65605,Class A (Community/Ambulatory); Class J (Shared Services),"3020 South Elliott, Aurora, Missouri, 65605",-93.7149359,36.9463925
Pharmacy,Wal-Mart Pharmacy 10-138,1923 East Kearney,2002009383,Springfield,Missouri,65803,Class A (Community/Ambulatory); Class J (Shared Services),"1923 East Kearney, Springfield, Missouri, 65803",-93.2587143,37.2417167
Pharmacy,Wal-Mart Pharmacy 10-173,#1 Memorial Drive,2002009471,Potosi,Missouri,63664,Class A (Community/Ambulatory); Class J (Shared Services),"#1 Memorial Drive, Potosi, Missouri, 63664",-90.7715544,37.9237851
Pharmacy,Wal-Mart Pharmacy 10-1188,11900 St. Charles Rock Rd.,2002009518,Bridgeton,Missouri,63044,Class A (Community/Ambulatory); Class J (Shared Services),"11900 St. Charles Rock Rd., Bridgeton, Missouri, 63044",-90.4187038,38.7449076
Pharmacy,Wal-Mart Pharmacy 10-184,600 Northeast Coronado Drive,2002009513,Blue Springs,Missouri,64014,Class A (Community/Ambulatory); Class J (Shared Services),"600 Northeast Coronado Drive, Blue Springs, Missouri, 64014",-94.2550593,39.02419870000001
Pharmacy,Wal-Mart Pharmacy 10-801,1605 S. Main Street,2002009470,Maryville,Missouri,64468,Class A (Community/Ambulatory); Class J (Shared Services),"1605 S. Main Street, Maryville, Missouri, 64468",-94.87020389999999,40.3299705
Pharmacy,Wal-Mart Pharmacy 10-313,2700 Ridge Point Drive,2002009461,High Ridge,Missouri,63049,Class A (Community/Ambulatory); Class J (Shared Services),"2700 Ridge Point Drive, High Ridge, Missouri, 63049",-90.52179489999999,38.4619844
Pharmacy,Wal-Mart Pharmacy 10-0032,2050 West Hwy 76,2002009526,Branson,Missouri,65616,Class A (Community/Ambulatory); Class J (Shared Services),"2050 West Hwy 76, Branson, Missouri, 65616",-93.1894773,36.6418306
Pharmacy,Wal-Mart Pharmacy 10-2616,1307 Highway K,2002009411,O Fallon,Missouri,63366,Class A (Community/Ambulatory); Class J (Shared Services),"1307 Highway K, O Fallon, Missouri, 63366",-90.7025153,38.7939242
Pharmacy,Wal-Mart Pharmacy 10-295,131 Eureka Towne Center Dr.,2002009509,Eureka,Missouri,63025,Class A (Community/Ambulatory); Class J (Shared Services),"131 Eureka Towne Center Dr., Eureka, Missouri, 63025",-90.65685119999999,38.5064792
Pharmacy,Westland Pharmacy,2020 Rock Road,2002005823,De Soto,Missouri,63020,Class A (Community/Ambulatory); Class C (Long-Term Care); Class D (Non-Sterile Compounding); Class J (Shared Services),"2020 Rock Road, De Soto, Missouri, 63020",-90.57636269999999,38.1420038
Pharmacy,Hillsboro Pharmacy,"10666 Highway 21, PO Box 257",2002005825,Hillsboro,Missouri,63050,Class A (Community/Ambulatory); Class C (Long-Term Care); Class D (Non-Sterile Compounding); Class J (Shared Services),"10666 Highway 21, PO Box 257, Hillsboro, Missouri, 63050",-90.5623894,38.2290885
Pharmacy,Cedar Hill Drug,7032 State Route BB P O Box 34,2002005824,Cedar Hill,Missouri,63016,Class A (Community/Ambulatory); Class C (Long-Term Care); Class D (Non-Sterile Compounding); Class J (Shared Services),"7032 State Route BB P O Box 34, Cedar Hill, Missouri, 63016",-90.64675369999999,38.353863
Pharmacy,Walgreens #05145,222 E. Broadway,2002008875,Columbia,Missouri,65203,Class A (Community/Ambulatory); Class C (Long-Term Care); Class D (Non-Sterile Compounding); Class J (Shared Services),"222 E. Broadway, Columbia, Missouri, 65203",-92.33440189999999,38.9508803
Pharmacy,Walgreens #06801,1780 Zumbehl Road,2002007462,Saint Charles,Missouri,63303,Class A (Community/Ambulatory); Class C (Long-Term Care); Class J (Shared Services),"1780 Zumbehl Road, Saint Charles, Missouri, 63303",-90.5272877,38.7764708
Pharmacy,Wal-Mart Pharmacy 10-195,2203 Patsy Lane,2002009477,Excelsior Springs,Missouri,64024,Class A (Community/Ambulatory); Class J (Shared Services),"2203 Patsy Lane, Excelsior Springs, Missouri, 64024",-94.26518349999999,39.3294202
Pharmacy,Wal-Mart Pharmacy 10-895,100 Ozark Drive,2002009475,Cuba,Missouri,65453,Class A (Community/Ambulatory); Class J (Shared Services),"100 Ozark Drive, Cuba, Missouri, 65453",-91.40191109999999,38.073241
Pharmacy,Wal-Mart Pharmacy 10-319,2015 West Foxwood Drive,2002009666,Raymore,Missouri,64083,Class A (Community/Ambulatory); Class J (Shared Services),"2015 West Foxwood Drive, Raymore, Missouri, 64083",-94.4955114,38.8099062
Pharmacy,Wal-Mart Pharmacy 10-95,407 N. State Street,2002009474,Desloge,Missouri,63601,Class A (Community/Ambulatory); Class J (Shared Services),"407 N. State Street, Desloge, Missouri, 63601",-90.51333749999999,37.8838407
Pharmacy,Wal-Mart Pharmacy 10-267,1212 South Madison,2002009455,Webb City,Missouri,64870,Class A (Community/Ambulatory); Class J (Shared Services),"1212 South Madison, Webb City, Missouri, 64870",-94.4778347,37.1341129
Pharmacy,Wal-Mart Pharmacy 10-1021,500 Warren County Center,2002009460,Warrenton,Missouri,63383,Class A (Community/Ambulatory); Class J (Shared Services),"500 Warren County Center, Warrenton, Missouri, 63383",-91.1426534,38.8234139
Pharmacy,Wal-Mart Pharmacy 10-337,1025 Walton Drive,2002009936,Fredericktown,Missouri,63645,Class A (Community/Ambulatory); Class J (Shared Services),"1025 Walton Drive, Fredericktown, Missouri, 63645",-90.31977069999999,37.5589456
Pharmacy,Wal-Mart Pharmacy 10-34,2250 East Lincoln Avenue,2002009453,Nevada,Missouri,64772,Class A (Community/Ambulatory); Class J (Shared Services),"2250 East Lincoln Avenue, Nevada, Missouri, 64772",-94.3264942,37.8321601
Pharmacy,Wal-Mart Pharmacy 10-203,937 Park Circle Drive,2002009934,Brookfield,Missouri,64628,Class A (Community/Ambulatory); Class J (Shared Services),"937 Park Circle Drive, Brookfield, Missouri, 64628",-93.0727321,39.767801
Pharmacy,Wal-Mart Pharmacy 10-109,2000 North Walnut,2002009519,Cameron,Missouri,64429,Class A (Community/Ambulatory); Class J (Shared Services),"2000 North Walnut, Cameron, Missouri, 64429",-94.2315368,39.7581058
Pharmacy,Wal-Mart Pharmacy 10-30,2025 Business HWY 60 West,2002009412,Dexter,Missouri,63841,Class A (Community/Ambulatory); Class J (Shared Services),"2025 Business HWY 60 West, Dexter, Missouri, 63841",-89.9821934,36.8063208
Pharmacy,Wal-Mart Pharmacy 10-2600,100 THF Blvd.,2002009935,Chesterfield,Missouri,63005,Class A (Community/Ambulatory); Class J (Shared Services),"100 THF Blvd., Chesterfield, Missouri, 63005",-90.6079459,38.667015
Pharmacy,Wal-Mart Pharmacy 10-99,1445 E. Central,2002009492,Union,Missouri,63084,Class A (Community/Ambulatory); Class J (Shared Services),"1445 E. Central, Union, Missouri, 63084",-90.97009489999999,38.43443449999999
Pharmacy,Wal-Mart Pharmacy 10-783,705 East Briggs Drive,2002009521,Macon,Missouri,63552,Class A (Community/Ambulatory); Class J (Shared Services),"705 East Briggs Drive, Macon, Missouri, 63552",-92.46389909999999,39.7538754
Pharmacy,Walgreens #04467,1205 Sulphur Spring Road,006435,Ballwin,Missouri,63021,Class A (Community/Ambulatory); Class C (Long-Term Care); Class J (Shared Services),"1205 Sulphur Spring Road, Ballwin, Missouri, 63021",-90.52539569999999,38.5675847
Pharmacy,"Butler Drug Store, Inc.",222 E. Main Street,006470,Portageville,Missouri,63873,Class A (Community/Ambulatory); Class C (Long-Term Care); Class J (Shared Services),"222 E. Main Street, Portageville, Missouri, 63873",-89.6995772,36.4257022
Pharmacy,Cole Camp Pharmacy,512 W. Main St.,006476,Cole Camp,Missouri,65325,Class A (Community/Ambulatory); Class C (Long-Term Care); Class D (Non-Sterile Compounding),"512 W. Main St., Cole Camp, Missouri, 65325",-93.2109189,38.4607051
Pharmacy,Walgreens #04701,16105 Manchester Road,006514,Ellisville,Missouri,63011,Class A (Community/Ambulatory); Class C (Long-Term Care); Class J (Shared Services),"16105 Manchester Road, Ellisville, Missouri, 63011",-90.5963573,38.5910579
Pharmacy,Ladue Pharmacy,9832 Clayton Road,006534,Saint Louis,Missouri,63124,Class A (Community/Ambulatory); Class C (Long-Term Care); Class D (Non-Sterile Compounding); Class J (Shared Services),"9832 Clayton Road, Saint Louis, Missouri, 63124",-90.39093079999999,38.63748349999999
Pharmacy,Walgreens #04204,401 NE Barry Rd.,006560,Kansas City,Missouri,64155,Class A (Community/Ambulatory); Class D (Non-Sterile Compounding); Class J (Shared Services),"401 NE Barry Rd., Kansas City, Missouri, 64155",-94.5752332,39.245814
Pharmacy,Walgreens #04530,9430 Blue Ridge Blvd,006606,Kansas City,Missouri,64138,Class A (Community/Ambulatory); Class J (Shared Services),"9430 Blue Ridge Blvd, Kansas City, Missouri, 64138",-94.50861760000001,38.9533116
Pharmacy,Walgreens #04406,2630 NE Vivion Rd.,006627,Kansas City,Missouri,64119,Class A (Community/Ambulatory); Class C (Long-Term Care); Class J (Shared Services),"2630 NE Vivion Rd., Kansas City, Missouri, 64119",-94.54814429999999,39.1875458
Pharmacy,Walgreens #05288,1525 W Kearney St,006628,Springfield,Missouri,65803,Class A (Community/Ambulatory); Class C (Long-Term Care); Class D (Non-Sterile Compounding); Class J (Shared Services),"1525 W Kearney St, Springfield, Missouri, 65803",-93.31054730000001,37.2414256
Pharmacy,Walgreens #07901,1050 US Hwy 60 E,2004010000,Republic,Missouri,65738,Class A (Community/Ambulatory); Class C (Long-Term Care); Class J (Shared Services),"1050 US Hwy 60 E, Republic, Missouri, 65738",-93.46237860000001,37.1259639
Pharmacy,Costco Pharmacy #382,200 Costco Way,2001009707,Saint Peters,Missouri,63376,Class A (Community/Ambulatory); Class J (Shared Services),"200 Costco Way, Saint Peters, Missouri, 63376",-90.6069863,38.7962239
Pharmacy,Wal-Mart Pharmacy 10-101,500 South Bishop,2002009447,Rolla,Missouri,65401,Class A (Community/Ambulatory); Class J (Shared Services),"500 South Bishop, Rolla, Missouri, 65401",-91.77916830000001,37.9375992
Pharmacy,Wal-Mart Pharmacy 10-0056,1309 Springfield Rd,2002009527,Ava,Missouri,65608,Class A (Community/Ambulatory); Class C (Long-Term Care); Class J (Shared Services),"1309 Springfield Rd, Ava, Missouri, 65608",-92.67648729999999,36.959795
Pharmacy,Wal-Mart Pharmacy 10-234,8301 NO. Church Rd.,2002009530,Kansas City,Missouri,64158,Class A (Community/Ambulatory); Class J (Shared Services),"8301 NO. Church Rd., Kansas City, Missouri, 64158",-94.45920029999999,39.2431621
Pharmacy,Wal-Mart Pharmacy 10-379,2004 West Marler Lane,2002009755,Ozark,Missouri,65721,Class A (Community/Ambulatory); Class J (Shared Services),"2004 West Marler Lane, Ozark, Missouri, 65721",-93.22790359999999,37.0011745
Pharmacy,Wal-Mart Pharmacy 10-21,185 St. Robert Blvd.,2002010323,St. Robert,Missouri,65584,Class A (Community/Ambulatory); Class J (Shared Services),"185 St. Robert Blvd., St. Robert, Missouri, 65584",-92.15225509999999,37.8250898
Pharmacy,Price Chopper Pharmacy #102,1030 West 103rd Street,2002010440,Kansas City,Missouri,64114,Class A (Community/Ambulatory); Class J (Shared Services),"1030 West 103rd Street, Kansas City, Missouri, 64114",-94.6025382,38.9417947
Pharmacy,Walgreens #12114,9700 N Cedar Ave,2009009818,Kansas City,Missouri,64157,Class A (Community/Ambulatory); Class J (Shared Services),"9700 N Cedar Ave, Kansas City, Missouri, 64157",-94.45457809999999,39.2692696
Pharmacy,Parkland Pharmacy,1131 N Desloge Dr,2005028538,Desloge,Missouri,63601,Class A (Community/Ambulatory); Class C (Long-Term Care); Class D (Non-Sterile Compounding); Class J (Shared Services),"1131 N Desloge Dr, Desloge, Missouri, 63601",-90.51546429999999,37.8811433
Pharmacy,"Scott Family Pharmacy, LLC",414 West Grand Ave.,2002014845,Campbell,Missouri,63933,Class A (Community/Ambulatory); Class C (Long-Term Care),"414 West Grand Ave., Campbell, Missouri, 63933",-90.0786167,36.4912826
Pharmacy,Walgreens #01236,13000 S US Highway 71,2006000712,Grandview,Missouri,64030,Class A (Community/Ambulatory); Class J (Shared Services),"13000 S US Highway 71, Grandview, Missouri, 64030",-94.52626169999999,38.8882088
Pharmacy,Sterling Pharmacy,"3338 NE Ralph Powell Road, Ste D",2009024844,Lees Summit,Missouri,64064,Class A (Community/Ambulatory); Class C (Long-Term Care); Class D (Non-Sterile Compounding); Class H (Sterile Product Compounding); Class J (Shared Services),"3338 NE Ralph Powell Road, Ste D, Lees Summit, Missouri, 64064",-94.3598377,38.9726054
Pharmacy,Sam's Pharmacy 10-8205,4512 Lemay Ferry Rd.,2006006593,Saint Louis,Missouri,63129,Class A (Community/Ambulatory); Class J (Shared Services),"4512 Lemay Ferry Rd., Saint Louis, Missouri, 63129",-90.335383,38.4973375
Pharmacy,Wal-Mart Pharmacy 10-2955,1701 West 133rd Street,2002021813,Kansas City,Missouri,64145,Class A (Community/Ambulatory); Class J (Shared Services),"1701 West 133rd Street, Kansas City, Missouri, 64145",-94.6056589,38.884702
Pharmacy,Hy-Vee Pharmacy #1303,3721 W Truman Blvd,2007028956,Jefferson City,Missouri,65109,Class A (Community/Ambulatory); Class C (Long-Term Care); Class J (Shared Services),"3721 W Truman Blvd, Jefferson City, Missouri, 65109",-92.25361090000001,38.5879091
Pharmacy,Burrell Pharmacy,1300 E Bradford Parkway,2006010535,Springfield,Missouri,65804,Class A (Community/Ambulatory); Class C (Long-Term Care),"1300 E Bradford Parkway, Springfield, Missouri, 65804",-93.2750238,37.1460791
Pharmacy,Walgreens #12925,2301 Running Horse Rd,2009026254,Platte City,Missouri,64079,Class A (Community/Ambulatory); Class J (Shared Services),"2301 Running Horse Rd, Platte City, Missouri, 64079",-94.7637891,39.3525698
Pharmacy,Costco Pharmacy #1060,301 Highlands Blvd Dr,2009034311,Manchester,Missouri,63011,Class A (Community/Ambulatory); Class J (Shared Services),"301 Highlands Blvd Dr, Manchester, Missouri, 63011",-90.5074961,38.5977409
Pharmacy,Hy-Vee Pharmacy #1081,405 E Nifong Blvd,2009027986,Columbia,Missouri,65201,Class A (Community/Ambulatory); Class C (Long-Term Care); Class J (Shared Services),"405 E Nifong Blvd, Columbia, Missouri, 65201",-92.3337187,38.9120923
Pharmacy,Sherri's Pharmacy Service,108 S. Main,2009029523,Grant City,Missouri,64456,Class A (Community/Ambulatory); Class C (Long-Term Care),"108 S. Main, Grant City, Missouri, 64456",-94.4142818,40.48803729999999
Pharmacy,Scotland County Pharmacy,445 East Grand Ave.,2004020933,Memphis,Missouri,63555,Class A (Community/Ambulatory); Class C (Long-Term Care); Class D (Non-Sterile Compounding),"445 East Grand Ave., Memphis, Missouri, 63555",-92.16425129999999,40.4501848
Pharmacy,Omnicare of Kansas City,"10400 Hickman Mills Dr, Suite 200",2006009026,Kansas City,Missouri,64137,Class A (Community/Ambulatory); Class C (Long-Term Care); Class H (Sterile Product Compounding); Class J (Shared Services),"10400 Hickman Mills Dr, Suite 200, Kansas City, Missouri, 64137",-94.5301362,38.9368795
Pharmacy,Omnicare of St. Louis,345 Dunn Rd,2006009023,Florissant,Missouri,63031,Class A (Community/Ambulatory); Class C (Long-Term Care); Class G (Medical Gas); Class H (Sterile Product Compounding); Class J (Shared Services),"345 Dunn Rd, Florissant, Missouri, 63031",-90.3310681,38.7763485
Pharmacy,Sam's Pharmacy 10-6415,3536 Hammons Blvd.,2002024073,Joplin,Missouri,64804,Class A (Community/Ambulatory); Class J (Shared Services),"3536 Hammons Blvd., Joplin, Missouri, 64804",-94.4757953,37.0501358
Pharmacy,Sun Fresh Pharmacy #156,10225 North Oak Trafficway,2002025827,Kansas City,Missouri,64155,Class A (Community/Ambulatory); Class J (Shared Services),"10225 North Oak Trafficway, Kansas City, Missouri, 64155",-94.5732434,39.2788722
Pharmacy,Walgreens #11288,1010 Worley Dr,2007034174,West Plains,Missouri,65775,Class A (Community/Ambulatory); Class C (Long-Term Care); Class D (Non-Sterile Compounding); Class J (Shared Services),"1010 Worley Dr, West Plains, Missouri, 65775",-91.8742711,36.7169377
Pharmacy,Walgreens #01235,621 N. Maguire Street,2004020210,Warrensburg,Missouri,64093-1419,Class A (Community/Ambulatory); Class J (Shared Services),"621 N. Maguire Street, Warrensburg, Missouri, 64093-1419",-93.734721,38.770623
Pharmacy,Hy-Vee Pharmacy (1552),201 N. Belt Hwy,2002026981,Saint Joseph,Missouri,64506,Class A (Community/Ambulatory); Class J (Shared Services),"201 N. Belt Hwy, Saint Joseph, Missouri, 64506",-94.8025385,39.7662477
Pharmacy,County Market Pharmacy 409,1805 Elm St,2011023099,Canton,Missouri,63435,Class A (Community/Ambulatory); Class J (Shared Services),"1805 Elm St, Canton, Missouri, 63435",-91.5186737,40.12941199999999
Pharmacy,Genoa Healthcare LLC,1032 Crosswinds Ct,2009030347,Wentzville,Missouri,63385,Class A (Community/Ambulatory); Class C (Long-Term Care); Class J (Shared Services),"1032 Crosswinds Ct, Wentzville, Missouri, 63385",-90.8171327,38.8028093
Pharmacy,Sam's Pharmacy #10-6474,2100 Maplewood Commons Dr.,2004028936,Maplewood,Missouri,63143,Class A (Community/Ambulatory); Class J (Shared Services),"2100 Maplewood Commons Dr., Maplewood, Missouri, 63143",-90.33113929999999,38.6203924
Pharmacy,CVS Pharmacy #8581,3201 South 7 Highway,2006015965,Blue Springs,Missouri,64014,Class A (Community/Ambulatory); Class C (Long-Term Care); Class D (Non-Sterile Compounding); Class J (Shared Services),"3201 South 7 Highway, Blue Springs, Missouri, 64014",-94.2742827,38.98674680000001
Pharmacy,CVS Pharmacy #8592,921 Main,2006016038,Kansas City,Missouri,64105,Class A (Community/Ambulatory); Class C (Long-Term Care); Class D (Non-Sterile Compounding); Class J (Shared Services),"921 Main, Kansas City, Missouri, 64105",-94.58291609999999,39.1025387
Pharmacy,CVS Pharmacy #8555,4990 NE Vivion Road,2006015563,Kansas City,Missouri,64119,Class A (Community/Ambulatory); Class C (Long-Term Care); Class D (Non-Sterile Compounding); Class J (Shared Services),"4990 NE Vivion Road, Kansas City, Missouri, 64119",-94.52191839999999,39.1885905
Pharmacy,CVS Pharmacy #8557,1900 NE Langsford Road,2006015578,Lees Summit,Missouri,64063,Class A (Community/Ambulatory); Class C (Long-Term Care); Class D (Non-Sterile Compounding); Class J (Shared Services),"1900 NE Langsford Road, Lees Summit, Missouri, 64063",-94.3373182,38.9174025
Pharmacy,CVS Pharmacy #8595,1215 West Foxwood Dr,2006018562,Raymore,Missouri,64083,Class A (Community/Ambulatory); Class C (Long-Term Care); Class D (Non-Sterile Compounding); Class J (Shared Services),"1215 West Foxwood Dr, Raymore, Missouri, 64083",-94.47522839999999,38.8114298
Pharmacy,CVS Pharmacy #8596,601 S. Jefferson,2006017600,Kearney,Missouri,64060,Class A (Community/Ambulatory); Class C (Long-Term Care); Class D (Non-Sterile Compounding); Class J (Shared Services),"601 S. Jefferson, Kearney, Missouri, 64060",-94.361147,39.3673973
Pharmacy,CVS Pharmacy #8563,300 S Commercial St,2006015584,Harrisonville,Missouri,64701,Class A (Community/Ambulatory); Class C (Long-Term Care); Class D (Non-Sterile Compounding); Class J (Shared Services),"300 S Commercial St, Harrisonville, Missouri, 64701",-94.35899239999999,38.653917
Pharmacy,CVS Pharmacy #8598,9005 East 350 Highway,2006016043,Raytown,Missouri,64133,Class A (Community/Ambulatory); Class C (Long-Term Care); Class D (Non-Sterile Compounding); Class J (Shared Services),"9005 East 350 Highway, Raytown, Missouri, 64133",-94.47809259763427,38.9967890451416
Pharmacy,CVS Pharmacy #8564,17301 East US 24 Highway,2006015586,Independence,Missouri,64056,Class A (Community/Ambulatory); Class C (Long-Term Care); Class D (Non-Sterile Compounding); Class J (Shared Services),"17301 East US 24 Highway, Independence, Missouri, 64056",-94.1861392,39.1372535
Pharmacy,CVS Pharmacy #8565,330 NE Barry RD,2006015588,Kansas City,Missouri,64155,Class A (Community/Ambulatory); Class C (Long-Term Care); Class D (Non-Sterile Compounding); Class J (Shared Services),"330 NE Barry RD, Kansas City, Missouri, 64155",-94.57646799999999,39.2473254
Pharmacy,CVS Pharmacy #8570,1616 N. 7 Hwy,2006015595,Blue Springs,Missouri,64014,Class A (Community/Ambulatory); Class C (Long-Term Care); Class D (Non-Sterile Compounding); Class J (Shared Services),"1616 N. 7 Hwy, Blue Springs, Missouri, 64014",-94.26979759999999,39.0370031
Pharmacy,CVS Pharmacy #8577,4400 NW Barry Road,2006015623,Kansas City,Missouri,64154,Class A (Community/Ambulatory); Class C (Long-Term Care); Class D (Non-Sterile Compounding); Class J (Shared Services),"4400 NW Barry Road, Kansas City, Missouri, 64154",-94.63195549999999,39.2473593
Pharmacy,MOCH Pharmacy,504 West Broadway Ave,2006024118,Ava,Missouri,65608,Class A (Community/Ambulatory),"504 West Broadway Ave, Ava, Missouri, 65608",-92.6635932,36.9599446
Pharmacy,Hy-Vee Pharmacy #1641,1720 W Battlefield Rd,2011031082,Springfield,Missouri,65807,Class A (Community/Ambulatory); Class J (Shared Services),"1720 W Battlefield Rd, Springfield, Missouri, 65807",-93.3143329,37.1598315
Pharmacy,Walgreens #11711,1530 Lafayette Ave,2009033035,Saint Louis,Missouri,63104,Class A (Community/Ambulatory); Class C (Long-Term Care); Class J (Shared Services),"1530 Lafayette Ave, Saint Louis, Missouri, 63104",-90.20928579999999,38.6130131
Pharmacy,Walgreens #09382,412 Pawnee,2004032601,Clinton,Missouri,64735,Class A (Community/Ambulatory); Class C (Long-Term Care); Class J (Shared Services),"412 Pawnee, Clinton, Missouri, 64735",-93.7537456,38.3655218
Pharmacy,Walgreens #09692,807 Hwy 50 East,2006018711,Union,Missouri,63084,Class A (Community/Ambulatory); Class J (Shared Services),"807 Hwy 50 East, Union, Missouri, 63084",-90.9988492,38.4450736
Pharmacy,Albers Medical Pharmacy,7201 E 147th St Ste 140,2011036672,Grandview,Missouri,64030,Class A (Community/Ambulatory); Class D (Non-Sterile Compounding),"7201 E 147th St Ste 140, Grandview, Missouri, 64030",-94.51244690000001,38.8563184
Pharmacy,Walgreens #11628,10 E Hwy N,2008012786,Wentzville,Missouri,63385,Class A (Community/Ambulatory); Class C (Long-Term Care); Class J (Shared Services),"10 E Hwy N, Wentzville, Missouri, 63385",-90.8633698,38.7732907
Pharmacy,Walgreens #05666,4535 Hunter Lane,2004036035,Byrnes Mill,Missouri,63051-2042,Class A (Community/Ambulatory); Class C (Long-Term Care); Class J (Shared Services),"4535 Hunter Lane, Byrnes Mill, Missouri, 63051-2042",-90.5841938,38.4128136
Pharmacy,Ozarks Healthcare Pharmacy,1100 Kentucky Avenue,2004036325,West Plains,Missouri,65775,Class A (Community/Ambulatory); Class C (Long-Term Care); Class J (Shared Services),"1100 Kentucky Avenue, West Plains, Missouri, 65775",-91.8746745,36.7381208
Pharmacy,Walgreens #10153,110 N Westwood Blvd,2006027140,Poplar Bluff,Missouri,63901,Class A (Community/Ambulatory); Class C (Long-Term Care); Class J (Shared Services),"110 N Westwood Blvd, Poplar Bluff, Missouri, 63901",-90.40688139999999,36.7578739
Pharmacy,Medley Pharmacy,"P.O. Box 528, 601 E. HWY 28",2005000324,Owensville,Missouri,65066,Class A (Community/Ambulatory); Class C (Long-Term Care); Class J (Shared Services),"P.O. Box 528, 601 E. HWY 28, Owensville, Missouri, 65066",-91.492398,38.3457509
Pharmacy,Sinks Pharmacy,1375 B East 10th Street,2005000323,Rolla,Missouri,65401,Class A (Community/Ambulatory); Class C (Long-Term Care); Class J (Shared Services),"1375 B East 10th Street, Rolla, Missouri, 65401",-91.74978990000001,37.9521434
Pharmacy,Beauton Drug Shop,124 N Washington,2006029484,East Prairie,Missouri,63845,Class A (Community/Ambulatory); Class C (Long-Term Care),"124 N Washington, East Prairie, Missouri, 63845",-89.3867307,36.7800023
Pharmacy,Lakeland Pharmacy #3,104 Cortney ln,2006027988,Crane,Missouri,65633,Class A (Community/Ambulatory); Class C (Long-Term Care); Class J (Shared Services),"104 Cortney ln, Crane, Missouri, 65633",-93.57450399999999,36.900042
Pharmacy,Walgreens #04220,14950 Clayton Rd.,2003016742,Chesterfield,Missouri,63017,Class A (Community/Ambulatory); Class C (Long-Term Care); Class J (Shared Services),"14950 Clayton Rd., Chesterfield, Missouri, 63017",-90.5407852,38.6142045
Pharmacy,Missouri Cancer Care Pharmacy,1705 E Broadway Ste 100,2011037078,Columbia,Missouri,65201,Class A (Community/Ambulatory); Class H (Sterile Product Compounding),"1705 E Broadway Ste 100, Columbia, Missouri, 65201",-92.3131107,38.9504478
Pharmacy,Walgreens #11627,3800 Elm St,2008017259,Saint Charles,Missouri,63301,Class A (Community/Ambulatory); Class C (Long-Term Care); Class J (Shared Services),"3800 Elm St, Saint Charles, Missouri, 63301",-90.5159599,38.8219538
Pharmacy,Hayden's Pharmacy,1200 Ward Ave,2010010565,Caruthersville,Missouri,63830,Class A (Community/Ambulatory); Class C (Long-Term Care); Class D (Non-Sterile Compounding); Class J (Shared Services),"1200 Ward Ave, Caruthersville, Missouri, 63830",-89.6608531,36.1849706
Pharmacy,Price Chopper Pharmacy #359,109 N Cedar St,2012003689,Belton,Missouri,64012,Class A (Community/Ambulatory); Class J (Shared Services),"109 N Cedar St, Belton, Missouri, 64012",-94.52369019999999,38.8156025
Pharmacy,Walgreens # 11925,400  S Broadway,2008030527,Oak Grove,Missouri,64075,Class A (Community/Ambulatory); Class J (Shared Services),"400  S Broadway, Oak Grove, Missouri, 64075",-94.1295636,39.0124025
Pharmacy,Guardian Pharmacy of Missouri,2107 E Rockhurst Ste C,2016023396,Springfield,Missouri,65802,Class A (Community/Ambulatory); Class C (Long-Term Care); Class H (Sterile Product Compounding); Class J (Shared Services),"2107 E Rockhurst Ste C, Springfield, Missouri, 65802",-93.25373809999999,37.2138189
Pharmacy,Walgreens #06493,3497 Technology Dr,2006034602,Lake Saint Louis,Missouri,63367,Class A (Community/Ambulatory); Class C (Long-Term Care); Class D (Non-Sterile Compounding); Class J (Shared Services),"3497 Technology Dr, Lake Saint Louis, Missouri, 63367",-90.7919917,38.78444390000001
Pharmacy,Rogersville Pharmacy,317 S. Main Street,2007000107,Rogersville,Missouri,65742,Class A (Community/Ambulatory); Class C (Long-Term Care),"317 S. Main Street, Rogersville, Missouri, 65742",-93.05841780000002,37.1116338
Pharmacy,Walgreens #07551,2620 S. Belt Highway,2003014789,Saint Joseph,Missouri,64503,Class A (Community/Ambulatory); Class J (Shared Services),"2620 S. Belt Highway, Saint Joseph, Missouri, 64503",-94.80188799999999,39.7414779
Pharmacy,CVS/Pharmacy #4080,300 Kestrel Ln,2012003297,Lake Ozark,Missouri,65049,Class A (Community/Ambulatory); Class C (Long-Term Care); Class D (Non-Sterile Compounding); Class J (Shared Services),"300 Kestrel Ln, Lake Ozark, Missouri, 65049",-92.6143282,38.1747891
Pharmacy,Vital Care Of The Four States,109 E Hickory Street,2012003024,Neosho,Missouri,64850,Class A (Community/Ambulatory); Class C (Long-Term Care); Class D (Non-Sterile Compounding); Class H (Sterile Product Compounding); Class J (Shared Services); Class M (Specialty Bleeding Disorder),"109 E Hickory Street, Neosho, Missouri, 64850",-94.3679219,36.8673177
Pharmacy,PharMerica,105 Arc Dr,2016025679,Saint Louis,Missouri,63146,Class A (Community/Ambulatory); Class C (Long-Term Care); Class D (Non-Sterile Compounding); Class H (Sterile Product Compounding); Class J (Shared Services),"105 Arc Dr, Saint Louis, Missouri, 63146",-90.42731889999999,38.7040519
Pharmacy,Sam's Club Pharmacy 10-4920,"5201 N. Belt HWY, Bldg. A",2005013369,Saint Joseph,Missouri,64506,Class A (Community/Ambulatory); Class J (Shared Services),"5201 N. Belt HWY, Bldg. A, Saint Joseph, Missouri, 64506",-94.813086,39.81679099999999
Pharmacy,Walgreens #10377,1711 N Morley Street,2006038598,Moberly,Missouri,65270,Class A (Community/Ambulatory); Class C (Long-Term Care); Class J (Shared Services),"1711 N Morley Street, Moberly, Missouri, 65270",-92.43354079999999,39.4402238
Pharmacy,Walgreens #10845,2301 Holmes Street,2007002523,Kansas City,Missouri,64108,Class A (Community/Ambulatory); Class J (Shared Services),"2301 Holmes Street, Kansas City, Missouri, 64108",-94.57387589999999,39.0849283
Pharmacy,Wal-Mart Pharmacy 10-5692,3150 Republic Rd,2012013717,Springfield,Missouri,65807,Class A (Community/Ambulatory); Class J (Shared Services),"3150 Republic Rd, Springfield, Missouri, 65807",-93.3432866,37.1370673
Pharmacy,Wal-Mart Pharmacy 10-5693,1320 S Glenstone,2012013732,Springfield,Missouri,65804,Class A (Community/Ambulatory); Class J (Shared Services),"1320 S Glenstone, Springfield, Missouri, 65804",-93.2608554,37.1899448
Pharmacy,Columbia Orthopaedic Group Pharmacy,1 South Keene Street,2012027156,Columbia,Missouri,65201,Class A (Community/Ambulatory); Class D (Non-Sterile Compounding),"1 South Keene Street, Columbia, Missouri, 65201",-92.2920291,38.9479105
Pharmacy,Cameron Family Pharmacy,1303 N Walnut St,2014003908,Cameron,Missouri,64429,Class A (Community/Ambulatory); Class C (Long-Term Care); Class D (Non-Sterile Compounding),"1303 N Walnut St, Cameron, Missouri, 64429",-94.2361231,39.7502894
Pharmacy,CVS/pharmacy #10345,3603 McMasters Ave,2014004874,Hannibal,Missouri,63401,Class A (Community/Ambulatory); Class C (Long-Term Care); Class D (Non-Sterile Compounding); Class J (Shared Services),"3603 McMasters Ave, Hannibal, Missouri, 63401",-91.3923257,39.7136575
Pharmacy,Genesis Pharmacy Services,1876 Craigshire Rd,2014004392,Saint Louis,Missouri,63146,Class A (Community/Ambulatory); Class C (Long-Term Care); Class D (Non-Sterile Compounding); Class H (Sterile Product Compounding),"1876 Craigshire Rd, Saint Louis, Missouri, 63146",-90.44766039999999,38.6927347
Pharmacy,Cenkare Pharmacy #16017,7711 Carondelet Ave  Ste 301,2014008256,Clayton,Missouri,63105,Class A (Community/Ambulatory),"7711 Carondelet Ave  Ste 301, Clayton, Missouri, 63105",-90.33540780000001,38.6489845
Pharmacy,CVS/pharmacy #4850,2715 E Battlefield St,2010025656,Springfield,Missouri,65804,Class A (Community/Ambulatory); Class C (Long-Term Care); Class D (Non-Sterile Compounding); Class J (Shared Services),"2715 E Battlefield St, Springfield, Missouri, 65804",-93.24224339999999,37.1594418
Pharmacy,Walgreens #09420,2737 S Grand Ave,2005020789,Carthage,Missouri,64836,Class A (Community/Ambulatory); Class C (Long-Term Care); Class J (Shared Services),"2737 S Grand Ave, Carthage, Missouri, 64836",-94.3112306,37.1407297
Pharmacy,Walgreens #09022,1349 E Republic Rd,2005019063,Springfield,Missouri,65804,Class A (Community/Ambulatory); Class C (Long-Term Care); Class D (Non-Sterile Compounding); Class J (Shared Services),"1349 E Republic Rd, Springfield, Missouri, 65804",-93.27267309999999,37.1381051
Pharmacy,Walgreens #11836,10700 Page Ave,2008034256,Saint Louis,Missouri,63132,Class A (Community/Ambulatory); Class C (Long-Term Care); Class J (Shared Services),"10700 Page Ave, Saint Louis, Missouri, 63132",-90.3969839,38.6916973
Pharmacy,Walgreens #11502,1260 Spur Dr,2008033988,Marshfield,Missouri,65706,Class A (Community/Ambulatory); Class C (Long-Term Care); Class J (Shared Services),"1260 Spur Dr, Marshfield, Missouri, 65706",-92.9259759,37.3387193
Pharmacy,CVS/pharmacy #6282,1749 Woodstone Dr,2012026940,Saint Peters,Missouri,63376,Class A (Community/Ambulatory); Class C (Long-Term Care); Class D (Non-Sterile Compounding); Class J (Shared Services),"1749 Woodstone Dr, Saint Peters, Missouri, 63376",-90.58486549999999,38.7493678
Pharmacy,The Drug Store,408 N 4th St Ste A,2007003456,Odessa,Missouri,64076,Class A (Community/Ambulatory); Class C (Long-Term Care),"408 N 4th St Ste A, Odessa, Missouri, 64076",-93.95588939999999,39.0050995
Pharmacy,Walgreens #10587,101 N. Western St,2007006424,Mexico,Missouri,65265,Class A (Community/Ambulatory); Class C (Long-Term Care); Class J (Shared Services),"101 N. Western St, Mexico, Missouri, 65265",-91.887688,39.1725302
Pharmacy,United Scripts LTC LLC,1861 Craig Park Court,2012030984,Saint Louis,Missouri,63146,Class A (Community/Ambulatory); Class C (Long-Term Care); Class H (Sterile Product Compounding); Class J (Shared Services),"1861 Craig Park Court, Saint Louis, Missouri, 63146",-90.4428618,38.693608
Pharmacy,Wal-Mart Pharmacy 10-0250,103 West Polk Street,2003024713,Warsaw,Missouri,65355,Class A (Community/Ambulatory); Class J (Shared Services),"103 West Polk Street, Warsaw, Missouri, 65355",-93.3714868,38.2618801
Pharmacy,Flow's Pharmacy,303 N Keene St,2014012001,Columbia,Missouri,65201,Class A (Community/Ambulatory); Class C (Long-Term Care),"303 N Keene St, Columbia, Missouri, 65201",-92.2908655,38.9547476
Pharmacy,Walmart Pharmacy 10-6500,3411 S Noland Rd,2014027046,Independence,Missouri,64055,Class A (Community/Ambulatory); Class J (Shared Services),"3411 S Noland Rd, Independence, Missouri, 64055",-94.4136274,39.0581577
Pharmacy,PharMax Pharmacy #1117,1117 Main St,2014027679,Imperial,Missouri,63052,Class A (Community/Ambulatory); Class C (Long-Term Care),"1117 Main St, Imperial, Missouri, 63052",-90.3809496,38.37001
Pharmacy,CVS/pharmacy #10025,400 South Truman Blvd,2012034352,Crystal City,Missouri,63019,Class A (Community/Ambulatory); Class C (Long-Term Care); Class D (Non-Sterile Compounding); Class J (Shared Services),"400 South Truman Blvd, Crystal City, Missouri, 63019",-90.38594510000001,38.2158223
Pharmacy,CVS/pharmacy #4403,7470 Manchester Rd,2012035847,Maplewood,Missouri,63143,Class A (Community/Ambulatory); Class C (Long-Term Care); Class D (Non-Sterile Compounding); Class J (Shared Services),"7470 Manchester Rd, Maplewood, Missouri, 63143",-90.3225618,38.6118137
Pharmacy,Wal-Mart Pharmacy 10-3111,545 W El Camino Alto Dr,2012032335,Springfield,Missouri,65810,Class A (Community/Ambulatory); Class J (Shared Services),"545 W El Camino Alto Dr, Springfield, Missouri, 65810",-93.3034301,37.1305568
Pharmacy,Walgreens #12307,120 S Bishop Ave,2009012845,Rolla,Missouri,65401,Class A (Community/Ambulatory); Class C (Long-Term Care); Class J (Shared Services),"120 S Bishop Ave, Rolla, Missouri, 65401",-91.7781045,37.9429176
Pharmacy,Medical Arts Clayton Pharmacy,7710 Carondelet Ave Ste 125,2010037524,Clayton,Missouri,63105,Class A (Community/Ambulatory); Class C (Long-Term Care); Class D (Non-Sterile Compounding); Class H (Sterile Product Compounding),"7710 Carondelet Ave Ste 125, Clayton, Missouri, 63105",-90.33551430000001,38.6483433
Pharmacy,Bloomsdale Pharmacy,255 Boderman Ln Ste 1E,2012036011,Bloomsdale,Missouri,63627,Class A (Community/Ambulatory); Class J (Shared Services),"255 Boderman Ln Ste 1E, Bloomsdale, Missouri, 63627",-90.22010069999999,38.0051862
Pharmacy,Harps Pharmacy #272,1301 Shelby Rd,2014032795,Poplar Bluff,Missouri,63901,Class A (Community/Ambulatory),"1301 Shelby Rd, Poplar Bluff, Missouri, 63901",-90.4366281,36.7695251
Pharmacy,Advance Pharmacy,110 S. Oak,2009002322,Advance,Missouri,63730,Class A (Community/Ambulatory); Class C (Long-Term Care),"110 S. Oak, Advance, Missouri, 63730",-89.909474,37.1041369
Pharmacy,Medicenter Pharmacy,200 W. Washington,2009003117,Jackson,Missouri,63755,Class A (Community/Ambulatory); Class C (Long-Term Care); Class J (Shared Services),"200 W. Washington, Jackson, Missouri, 63755",-89.66886199999999,37.3839631
Pharmacy,Britt's Central Drug Co.,728 South Main St,2005030075,Concordia,Missouri,64020,Class A (Community/Ambulatory); Class C (Long-Term Care),"728 South Main St, Concordia, Missouri, 64020",-93.5686214,38.9814898
Pharmacy,QuickMeds Pharmacy-Neosho,336 S Jefferson,2005030192,Neosho,Missouri,64850,Class A (Community/Ambulatory); Class J (Shared Services),"336 S Jefferson, Neosho, Missouri, 64850",-94.37049329999999,36.8660307
Pharmacy,"Maxwell Pharmacy, Inc",200 South 9th,2012038295,Hannibal,Missouri,63401,Class A (Community/Ambulatory); Class C (Long-Term Care),"200 South 9th, Hannibal, Missouri, 63401",-91.3626757,39.70547210000001
Pharmacy,Walgreens #10725,4022 N Belt Hwy,2007021473,Saint Joseph,Missouri,64506,Class A (Community/Ambulatory); Class J (Shared Services),"4022 N Belt Hwy, Saint Joseph, Missouri, 64506",-94.8159531,39.8059359
Pharmacy,Evans Drugs,209 E US Hwy 54,2010042680,El Dorado Springs,Missouri,64744,Class A (Community/Ambulatory); Class C (Long-Term Care); Class J (Shared Services),"209 E US Hwy 54, El Dorado Springs, Missouri, 64744",-94.00841319999999,37.8621376
Pharmacy,Sam's Health Mart Pharmacy #2,530 East 24 Highway,2010042682,Moberly,Missouri,65270,Class A (Community/Ambulatory); Class C (Long-Term Care); Class J (Shared Services),"530 East 24 Highway, Moberly, Missouri, 65270",-92.43823669999999,39.4183689
Pharmacy,Walmart Pharmacy 10-3238,3720 E Sunshine St,2014043130,Springfield,Missouri,65809,Class A (Community/Ambulatory); Class J (Shared Services),"3720 E Sunshine St, Springfield, Missouri, 65809",-93.2175372,37.1793501
Pharmacy,CVS/pharmacy #10134,801 Hwy K,2014035316,O Fallon,Missouri,63366,Class A (Community/Ambulatory); Class C (Long-Term Care); Class D (Non-Sterile Compounding); Class J (Shared Services),"801 Hwy K, O Fallon, Missouri, 63366",-90.700957,38.7992962
Pharmacy,Millbrook Pharmacy Inc,7010 Pershing Ave,2015002139,Saint Louis,Missouri,63130,Class A (Community/Ambulatory); Class C (Long-Term Care); Class D (Non-Sterile Compounding),"7010 Pershing Ave, Saint Louis, Missouri, 63130",-90.315715,38.6518228
Pharmacy,Walmart Pharmacy 10-7127,3001 Oak Grove Rd,2014043307,Poplar Bluff,Missouri,63901,Class A (Community/Ambulatory); Class J (Shared Services),"3001 Oak Grove Rd, Poplar Bluff, Missouri, 63901",-90.43999319999999,36.790313
Pharmacy,CareSTL Health #2,5541 Riverview Blvd,2005035950,Saint Louis,Missouri,63120,Class A (Community/Ambulatory); Class J (Shared Services),"5541 Riverview Blvd, Saint Louis, Missouri, 63120",-90.2510968,38.7055178
Pharmacy,Wal-Mart Pharmacy 10-5477,401 Supercenter Dr,2009013741,Jefferson City,Missouri,65101,Class A (Community/Ambulatory); Class J (Shared Services),"401 Supercenter Dr, Jefferson City, Missouri, 65101",-92.11870139999999,38.5410249
Pharmacy,"Quadrangle Pharmacy, LLC",6643 Shepley Dr,2009009737,Saint Louis,Missouri,63105,Class A (Community/Ambulatory),"6643 Shepley Dr, Saint Louis, Missouri, 63105",-90.3151668,38.6457726
Pharmacy,CVS Pharmacy #5635,11124 Holmes Rd,2009008063,Kansas City,Missouri,64131,Class A (Community/Ambulatory); Class C (Long-Term Care); Class D (Non-Sterile Compounding); Class J (Shared Services),"11124 Holmes Rd, Kansas City, Missouri, 64131",-94.5841674,38.9246759
Pharmacy,CVS Pharmacy #5661,409 E North Ave,2009008062,Belton,Missouri,64012,Class A (Community/Ambulatory); Class C (Long-Term Care); Class D (Non-Sterile Compounding); Class J (Shared Services),"409 E North Ave, Belton, Missouri, 64012",-94.5264208,38.8136088
Pharmacy,CVS Pharmacy #5663,6244 Brookside Blvd,2009008132,Kansas City,Missouri,64113,Class A (Community/Ambulatory); Class C (Long-Term Care); Class D (Non-Sterile Compounding); Class J (Shared Services),"6244 Brookside Blvd, Kansas City, Missouri, 64113",-94.5916242,39.0143361
Pharmacy,CVS Pharmacy #5678,7907 State Line Rd,2009008128,Kansas City,Missouri,64114,Class A (Community/Ambulatory); Class C (Long-Term Care); Class D (Non-Sterile Compounding); Class J (Shared Services),"7907 State Line Rd, Kansas City, Missouri, 64114",-94.6076971,38.984774
Pharmacy,CVS Pharmacy #5698,7107 N Oak Traffic Way,2009007787,Gladstone,Missouri,64118,Class A (Community/Ambulatory); Class C (Long-Term Care); Class D (Non-Sterile Compounding); Class J (Shared Services),"7107 N Oak Traffic Way, Gladstone, Missouri, 64118",-94.5754187,39.2241151
Pharmacy,CVS Pharmacy #5719,621 SW 3rd Street,2009007786,Lees Summit,Missouri,64063,Class A (Community/Ambulatory); Class C (Long-Term Care); Class D (Non-Sterile Compounding); Class J (Shared Services),"621 SW 3rd Street, Lees Summit, Missouri, 64063",-94.39131259999999,38.9106068
Pharmacy,CVS Pharmacy #5724,13101 State Line Rd,2009008131,Kansas City,Missouri,64145,Class A (Community/Ambulatory); Class C (Long-Term Care); Class D (Non-Sterile Compounding); Class J (Shared Services),"13101 State Line Rd, Kansas City, Missouri, 64145",-94.60727659999999,38.8900398
Pharmacy,CVS Pharmacy #5727,1301 Platte Falls Rd,2009007785,Platte City,Missouri,64079,Class A (Community/Ambulatory); Class C (Long-Term Care); Class D (Non-Sterile Compounding); Class J (Shared Services),"1301 Platte Falls Rd, Platte City, Missouri, 64079",-94.7669117,39.3530323
Pharmacy,MediCenter Pharmacy,"465 S Mount Auburn Rd, Suite 101",2012041949,Cape Girardeau,Missouri,63703,Class A (Community/Ambulatory); Class C (Long-Term Care); Class D (Non-Sterile Compounding); Class J (Shared Services),"465 S Mount Auburn Rd, Suite 101, Cape Girardeau, Missouri, 63703",-89.5715591,37.28945
Pharmacy,Summers Pharmacy,605 Pawnee St,2013000144,Clinton,Missouri,64735,Class A (Community/Ambulatory); Class C (Long-Term Care); Class D (Non-Sterile Compounding); Class J (Shared Services),"605 Pawnee St, Clinton, Missouri, 64735",-93.75630470000002,38.3640772
Pharmacy,Walgreens #10474,499 Salt Lick Road,2007023190,Saint Peters,Missouri,63376,Class A (Community/Ambulatory); Class C (Long-Term Care); Class J (Shared Services),"499 Salt Lick Road, Saint Peters, Missouri, 63376",-90.65713679999999,38.7965599
Pharmacy,Sam's Pharmacy 10-8293,4100 Bolger Dr,2001007427,Independence,Missouri,64055,Class A (Community/Ambulatory); Class J (Shared Services),"4100 Bolger Dr, Independence, Missouri, 64055",-94.36614829999999,39.0462076
Pharmacy,CVS/pharmacy #10118,501 West Mt Vernon Street,2013007394,Nixa,Missouri,65714,Class A (Community/Ambulatory); Class C (Long-Term Care); Class D (Non-Sterile Compounding); Class J (Shared Services),"501 West Mt Vernon Street, Nixa, Missouri, 65714",-93.30363829999999,37.0444025
Pharmacy,Walgreens #11375,1718 W Jesse James Rd,2009009840,Excelsior Springs,Missouri,64024,Class A (Community/Ambulatory); Class J (Shared Services),"1718 W Jesse James Rd, Excelsior Springs, Missouri, 64024",-94.25046510000001,39.3379972
Pharmacy,Walgreens #10540,12977 State Route 21,2007024886,De Soto,Missouri,63020,Class A (Community/Ambulatory); Class C (Long-Term Care); Class J (Shared Services),"12977 State Route 21, De Soto, Missouri, 63020",-90.580253,38.1423412
Pharmacy,Option Care,535 Axminister Dr.,2001010697,Fenton,Missouri,63026,Class A (Community/Ambulatory); Class C (Long-Term Care); Class H (Sterile Product Compounding); Class J (Shared Services),"535 Axminister Dr., Fenton, Missouri, 63026",-90.450374,38.537473
Pharmacy,Children's Mercy Pharmacy on Broadway,3101 Broadway St,2011010462,Kansas City,Missouri,64111,Class A (Community/Ambulatory); Class D (Non-Sterile Compounding); Class H (Sterile Product Compounding); Class J (Shared Services),"3101 Broadway St, Kansas City, Missouri, 64111",-94.5892518,39.0706183
Pharmacy,Walgreens #06711,7422 Town Square Ave.,2003020263,O Fallon,Missouri,63368,Class A (Community/Ambulatory); Class C (Long-Term Care); Class J (Shared Services),"7422 Town Square Ave., O Fallon, Missouri, 63368",-90.74540309999999,38.7654032
Pharmacy,Price Chopper Pharmacy #171,251 SW Greenwich Drive,2003020266,Lees Summit,Missouri,64082,Class A (Community/Ambulatory); Class J (Shared Services),"251 SW Greenwich Drive, Lees Summit, Missouri, 64082",-94.38205029999999,38.85042490000001
Pharmacy,Walgreens #7811,100 Jason Drive,2007034919,Troy,Missouri,63379,Class A (Community/Ambulatory); Class C (Long-Term Care); Class J (Shared Services),"100 Jason Drive, Troy, Missouri, 63379",-90.9694883,38.9876012
Pharmacy,Walgreens #11087,1214 W Foxwood Drive,2007027127,Raymore,Missouri,64083,Class A (Community/Ambulatory); Class J (Shared Services),"1214 W Foxwood Drive, Raymore, Missouri, 64083",-94.47522839999999,38.8125716
Pharmacy,Walgreens #10908,6 S Perryville Blvd,2007033414,Perryville,Missouri,63775,Class A (Community/Ambulatory); Class C (Long-Term Care); Class J (Shared Services),"6 S Perryville Blvd, Perryville, Missouri, 63775",-89.8847653,37.7263023
Pharmacy,Sinks Pharmacy,2322 Hwy 17,2013013020,Iberia,Missouri,65486,Class A (Community/Ambulatory); Class C (Long-Term Care); Class J (Shared Services),"2322 Hwy 17, Iberia, Missouri, 65486",-92.29843100000001,38.0914495
Pharmacy,Sam's Pharmacy 10-6479,232 Shirley Dr,2011023376,Cape Girardeau,Missouri,63701,Class A (Community/Ambulatory),"232 Shirley Dr, Cape Girardeau, Missouri, 63701",-89.58597499999999,37.2990935
Pharmacy,Hy-Vee Pharmacy #1322,5330 NW 64th St,2011019727,Kansas City,Missouri,64151,Class A (Community/Ambulatory); Class C (Long-Term Care); Class J (Shared Services),"5330 NW 64th St, Kansas City, Missouri, 64151",-94.6413221,39.2113835
Pharmacy,"Lexi's Medicine, Inc.",8499 Ash St,2015001480,Winona,Missouri,65588,Class A (Community/Ambulatory); Class C (Long-Term Care),"8499 Ash St, Winona, Missouri, 65588",-91.3261824,37.00962370000001
Pharmacy,BJC Behavioral Health Pharmacy,3309 South Kingshighway,2009017417,Saint Louis,Missouri,63139,Class A (Community/Ambulatory); Class J (Shared Services),"3309 South Kingshighway, Saint Louis, Missouri, 63139",-90.2708555,38.5991276
Pharmacy,Wal-Mart Pharmacy 10-5149,1700 N 7 Hwy,2013015412,Blue Springs,Missouri,64014,Class A (Community/Ambulatory); Class J (Shared Services),"1700 N 7 Hwy, Blue Springs, Missouri, 64014",-94.26970539999999,39.0375589
Pharmacy,Summers Pharmacy,1602 N 2nd St,2013014245,Clinton,Missouri,64735,Class A (Community/Ambulatory); Class C (Long-Term Care); Class D (Non-Sterile Compounding); Class J (Shared Services),"1602 N 2nd St, Clinton, Missouri, 64735",-93.76889709999999,38.3896941
Pharmacy,Apex Specialty Pharmacy,616 NW Platte Valley Dr,2011022879,Riverside,Missouri,64150,Class A (Community/Ambulatory); Class C (Long-Term Care),"616 NW Platte Valley Dr, Riverside, Missouri, 64150",-94.635269,39.1737662
Pharmacy,Genoa Healthcare LLC,402 S Silver Springs Rd Ste 101-A,2015006799,Cape Girardeau,Missouri,63703,Class A (Community/Ambulatory); Class C (Long-Term Care); Class J (Shared Services),"402 S Silver Springs Rd Ste 101-A, Cape Girardeau, Missouri, 63703",-89.5656125,37.2931711
Pharmacy,Genoa Healthcare LLC,"9890 Clayton Rd, Ste 125",2015006805,St. Louis,Missouri,63124,Class A (Community/Ambulatory); Class C (Long-Term Care); Class J (Shared Services),"9890 Clayton Rd, Ste 125, St. Louis, Missouri, 63124",-90.390329,38.636303
Pharmacy,Genoa Healthcare LLC,3100 NE 83rd St Ste 1200,2015006870,Kansas City,Missouri,64119,Class A (Community/Ambulatory); Class C (Long-Term Care); Class J (Shared Services),"3100 NE 83rd St Ste 1200, Kansas City, Missouri, 64119",-94.542733,39.2445407
Pharmacy,Sam's Club Pharmacy 10-6505,849 Stoneridge Pkwy,2015021516,Jefferson City,Missouri,65109,Class A (Community/Ambulatory); Class J (Shared Services),"849 Stoneridge Pkwy, Jefferson City, Missouri, 65109",-92.22228319999999,38.5777127
Pharmacy,Walgreens #12778,505 S Commercial St,2009027711,Harrisonville,Missouri,64701,Class A (Community/Ambulatory); Class J (Shared Services),"505 S Commercial St, Harrisonville, Missouri, 64701",-94.3573967,38.652828
Pharmacy,Mitchell's Drug Stores On The Boulevard,719 S Neosho Blvd Ste A,2003027740,Neosho,Missouri,64850,Class A (Community/Ambulatory); Class C (Long-Term Care); Class D (Non-Sterile Compounding); Class J (Shared Services),"719 S Neosho Blvd Ste A, Neosho, Missouri, 64850",-94.382418,36.8600051
Pharmacy,Walgreens #15588,"7900 Lee's Summit Rd, 1st Floor",2013021073,Kansas City,Missouri,64139,Class A (Community/Ambulatory); Class J (Shared Services),"7900 Lee's Summit Rd, 1st Floor, Kansas City, Missouri, 64139",-94.39427909999999,38.9754082
Pharmacy,CVS/ pharmacy #8950,1101 NW  Woods Chapel Rd,2013027533,Blue Springs,Missouri,64015,Class A (Community/Ambulatory); Class C (Long-Term Care); Class D (Non-Sterile Compounding); Class J (Shared Services),"1101 NW  Woods Chapel Rd, Blue Springs, Missouri, 64015",-94.30541889999999,39.0300318
Pharmacy,CVS/pharmacy #10071,2120 Lone Star Drive,2013024610,Arnold,Missouri,63010,Class A (Community/Ambulatory); Class C (Long-Term Care); Class D (Non-Sterile Compounding); Class J (Shared Services),"2120 Lone Star Drive, Arnold, Missouri, 63010",-90.3750561,38.4435623
Pharmacy,Kilgore's Medical Pharmacy,109 B Eastside Dr,2013028703,Ashland,Missouri,65010,Class A (Community/Ambulatory); Class C (Long-Term Care); Class J (Shared Services),"109 B Eastside Dr, Ashland, Missouri, 65010",-92.2511931,38.7768791
Pharmacy,CVS/Pharmacy #8236,1301 S Belt Hwy,2011025094,Saint Joseph,Missouri,64507,Class A (Community/Ambulatory); Class C (Long-Term Care); Class D (Non-Sterile Compounding); Class J (Shared Services),"1301 S Belt Hwy, Saint Joseph, Missouri, 64507",-94.8028638,39.75479079999999
Pharmacy,Gateway Apothecary,4473 Forest Park Avenue,2011027321,Saint Louis,Missouri,63108,Class A (Community/Ambulatory); Class C (Long-Term Care); Class J (Shared Services),"4473 Forest Park Avenue, Saint Louis, Missouri, 63108",-90.2582341,38.6385575
Pharmacy,Chillicothe Family Pharmacy,504 S Washington St,2015012618,Chillicothe,Missouri,64601,Class A (Community/Ambulatory); Class C (Long-Term Care),"504 S Washington St, Chillicothe, Missouri, 64601",-93.5540031,39.7927335
Pharmacy,Costco Pharmacy #373,19040 E. Valley View Parkway,2001026667,Independence,Missouri,64055,Class A (Community/Ambulatory); Class J (Shared Services),"19040 E. Valley View Parkway, Independence, Missouri, 64055",-94.3571553,39.0361394
Pharmacy,Walgreens #05513,11590 Gravois Rd,2001021401,Saint Louis,Missouri,63126,Class A (Community/Ambulatory); Class C (Long-Term Care); Class J (Shared Services),"11590 Gravois Rd, Saint Louis, Missouri, 63126",-90.37885899999999,38.5365188
Pharmacy,Medicine Shoppe St Charles,488 S Fifth St,2013028346,Saint Charles,Missouri,63301,Class A (Community/Ambulatory); Class C (Long-Term Care); Class D (Non-Sterile Compounding),"488 S Fifth St, Saint Charles, Missouri, 63301",-90.4875674,38.779134
Pharmacy,CVS/pharmacy #10241,1315 West 23rd Street,2013032548,Independence,Missouri,64050,Class A (Community/Ambulatory); Class C (Long-Term Care); Class D (Non-Sterile Compounding); Class J (Shared Services),"1315 West 23rd Street, Independence, Missouri, 64050",-94.4335258,39.07933999999999
Pharmacy,CVS/pharmacy #10193,1550 Wentzville Pkwy,2013032632,Wentzville,Missouri,63385,Class A (Community/Ambulatory); Class C (Long-Term Care); Class D (Non-Sterile Compounding); Class J (Shared Services),"1550 Wentzville Pkwy, Wentzville, Missouri, 63385",-90.87629179999999,38.8238685
Pharmacy,Walmart Pharmacy 10-4478,"Lucas B Miller, 2426 S Maiden Ln",2015032690,Joplin,Missouri,64804,Class A (Community/Ambulatory); Class J (Shared Services),"Lucas B Miller, 2426 S Maiden Ln, Joplin, Missouri, 64804",-94.5334797,37.0639004
Pharmacy,Walmart Pharmacy 10-3061,7437 Watson Rd,2015030497,Shrewsbury,Missouri,63119,Class A (Community/Ambulatory); Class J (Shared Services),"7437 Watson Rd, Shrewsbury, Missouri, 63119",-90.32792979999999,38.5802312
Pharmacy,Walgreens #04702,1000 Crossroads Place,2001031976,High Ridge,Missouri,63049,Class A (Community/Ambulatory); Class C (Long-Term Care); Class J (Shared Services),"1000 Crossroads Place, High Ridge, Missouri, 63049",-90.5266087,38.4637793
Pharmacy,Price Chopper Pharmacy #11,207 NE Englewood Rd,2001025634,Kansas City,Missouri,64118,Class A (Community/Ambulatory),"207 NE Englewood Rd, Kansas City, Missouri, 64118",-94.5784834,39.1953038
Pharmacy,Price Chopper Pharmacy #285,900 West Foxwood Drive,2008000044,Raymore,Missouri,64083,Class A (Community/Ambulatory); Class J (Shared Services),"900 West Foxwood Drive, Raymore, Missouri, 64083",-94.46822829999999,38.8132468
Pharmacy,Kilgore's Medical Pharmacy,700 N Providence Road,2008000930,Columbia,Missouri,65203,Class A (Community/Ambulatory); Class C (Long-Term Care); Class J (Shared Services),"700 N Providence Road, Columbia, Missouri, 65203",-92.33364159999999,38.9596211
Pharmacy,CVS/pharmacy #10261,12380 St Charles Rock Rd,2013036003,Bridgeton,Missouri,63044,Class A (Community/Ambulatory); Class C (Long-Term Care); Class D (Non-Sterile Compounding); Class J (Shared Services),"12380 St Charles Rock Rd, Bridgeton, Missouri, 63044",-90.430086,38.75364010000001
Pharmacy,CVS/pharmacy #10305,100 E Broadway Blvd,2013034495,Sedalia,Missouri,65301,Class A (Community/Ambulatory); Class C (Long-Term Care); Class D (Non-Sterile Compounding); Class J (Shared Services),"100 E Broadway Blvd, Sedalia, Missouri, 65301",-93.22785960000002,38.7035907
Pharmacy,Summers Pharmacy #3,913 W Fort Scott St,2015016766,Butler,Missouri,64730,Class A (Community/Ambulatory); Class C (Long-Term Care); Class D (Non-Sterile Compounding); Class J (Shared Services),"913 W Fort Scott St, Butler, Missouri, 64730",-94.3492538,38.2555938
Pharmacy,Compass Health Pharmacy,501 N Sunset Ln,2011040498,Raymore,Missouri,64083,Class A (Community/Ambulatory); Class C (Long-Term Care); Class J (Shared Services),"501 N Sunset Ln, Raymore, Missouri, 64083",-94.4644866,38.8140504
Pharmacy,Walgreens #05363,5414 Telegraph Road,2004000428,Saint Louis,Missouri,63129,Class A (Community/Ambulatory); Class C (Long-Term Care); Class J (Shared Services),"5414 Telegraph Road, Saint Louis, Missouri, 63129",-90.30370049999999,38.4769732
Pharmacy,Walgreens #07761,1718 Catlin Dr,2004003316,Barnhart,Missouri,63012,Class A (Community/Ambulatory); Class C (Long-Term Care); Class J (Shared Services),"1718 Catlin Dr, Barnhart, Missouri, 63012",-90.4022616,38.3498883
Pharmacy,Hy-Vee Pharmacy 1036,"1104 S. 25th Street, Box 47",2001032650,Bethany,Missouri,64424,Class A (Community/Ambulatory); Class C (Long-Term Care); Class J (Shared Services),"1104 S. 25th Street, Box 47, Bethany, Missouri, 64424",-94.0279599,40.2585055
Pharmacy,Walgreens #06247,3801 Old Hwy. 94,2001029235,St Peters,Missouri,63304,Class A (Community/Ambulatory); Class C (Long-Term Care); Class J (Shared Services),"3801 Old Hwy. 94, St Peters, Missouri, 63304",-90.58188109999999,38.745111
Pharmacy,Walgreens #11666,1820 S Springfield Ave,2008009197,Bolivar,Missouri,65613,Class A (Community/Ambulatory); Class C (Long-Term Care); Class J (Shared Services),"1820 S Springfield Ave, Bolivar, Missouri, 65613",-93.4023927,37.5969418
Pharmacy,CVS/pharmacy #10281,225 North Westwood Blvd,2013037104,Poplar Bluff,Missouri,63901,Class A (Community/Ambulatory); Class C (Long-Term Care); Class D (Non-Sterile Compounding); Class J (Shared Services),"225 North Westwood Blvd, Poplar Bluff, Missouri, 63901",-90.4084943,36.7590173
Pharmacy,County Market Pharmacy 392,1555 US 54 West,2013038172,Vandalia,Missouri,63382,Class A (Community/Ambulatory); Class C (Long-Term Care); Class J (Shared Services),"1555 US 54 West, Vandalia, Missouri, 63382",-91.50368999999999,39.303829
Pharmacy,CVS/pharmacy #2376,3925 Lindell Blvd,2013037996,Saint Louis,Missouri,63108,Class A (Community/Ambulatory); Class C (Long-Term Care); Class D (Non-Sterile Compounding); Class J (Shared Services),"3925 Lindell Blvd, Saint Louis, Missouri, 63108",-90.24203709999999,38.63951309999999
Pharmacy,CVS/pharmacy #10417,1153 E Elm St,2015028659,Springfield,Missouri,65806,Class A (Community/Ambulatory); Class C (Long-Term Care); Class D (Non-Sterile Compounding); Class J (Shared Services),"1153 E Elm St, Springfield, Missouri, 65806",-93.2766209,37.2056231
Pharmacy,ALPS  Pharmacy #1,"2650 West Kearney St, Suite 116",2003031778,Springfield,Missouri,65803,Class A (Community/Ambulatory); Class C (Long-Term Care); Class J (Shared Services),"2650 West Kearney St, Suite 116, Springfield, Missouri, 65803",-93.3285174,37.2404892
Pharmacy,Sam's Pharmacy 10-4741,10248 Big Bend Blvd.,2002000661,Saint Louis,Missouri,63122,Class A (Community/Ambulatory); Class J (Shared Services),"10248 Big Bend Blvd., Saint Louis, Missouri, 63122",-90.39632189999999,38.5654206
Pharmacy,Walgreens #11422,4650 Hwy K,2008025007,O Fallon,Missouri,63368,Class A (Community/Ambulatory); Class C (Long-Term Care); Class D (Non-Sterile Compounding); Class J (Shared Services),"4650 Hwy K, O Fallon, Missouri, 63368",-90.7006125,38.7190185
Pharmacy,The Towne Pharmacy,200 N Franklin,2013038337,Cuba,Missouri,65453,Class A (Community/Ambulatory); Class C (Long-Term Care); Class J (Shared Services),"200 N Franklin, Cuba, Missouri, 65453",-91.40490469999999,38.0638952
Pharmacy,Red Cross LTC Pharmacy,157 S Jefferson,2004003515,Marshall,Missouri,65340,Class A (Community/Ambulatory); Class C (Long-Term Care); Class J (Shared Services),"157 S Jefferson, Marshall, Missouri, 65340",-93.1961097,39.12011710000001
Pharmacy,Boring Rexall Drug,"161 W. Main, PO Box 278",2004006506,Warsaw,Missouri,65355,Class A (Community/Ambulatory),"161 W. Main, PO Box 278, Warsaw, Missouri, 65355",-93.38120239999999,38.2411992
Pharmacy,Affinia Healthcare Pharmacy,1717 Biddle,2005037282,Saint Louis,Missouri,63106,Class A (Community/Ambulatory); Class J (Shared Services),"1717 Biddle, Saint Louis, Missouri, 63106",-90.20169349999999,38.6393811
Pharmacy,Walgreens #07692,97 Long Rd,2005035413,Chesterfield,Missouri,63005,Class A (Community/Ambulatory); Class C (Long-Term Care); Class J (Shared Services),"97 Long Rd, Chesterfield, Missouri, 63005",-90.61860519999999,38.6688485
Pharmacy,Lawrence Drug,5540 N Farmer Branch Rd,2014004590,Ozark,Missouri,65721,Class A (Community/Ambulatory); Class C (Long-Term Care); Class D (Non-Sterile Compounding); Class J (Shared Services),"5540 N Farmer Branch Rd, Ozark, Missouri, 65721",-93.2185506,37.0714997
Pharmacy,Walmart Pharmacy 10-5427,3031 Mid Rivers Mall Dr,2016000940,Saint Peters,Missouri,63376,Class A (Community/Ambulatory); Class J (Shared Services),"3031 Mid Rivers Mall Dr, Saint Peters, Missouri, 63376",-90.6260401,38.7740054
Pharmacy,Walmart Pharmacy 10-2839,444 W Grand St,2016005835,Springfield,Missouri,65807,Class A (Community/Ambulatory); Class J (Shared Services),"444 W Grand St, Springfield, Missouri, 65807",-93.2962514,37.1965016
Pharmacy,Walmart Pharmacy 10-5421,45 Sutters Mill Rd,2016000939,Saint Peters,Missouri,63376,Class A (Community/Ambulatory); Class J (Shared Services),"45 Sutters Mill Rd, Saint Peters, Missouri, 63376",-90.5801876,38.7787527
Pharmacy,Hines Street Pharmacy,"Steve McClanahan, II, 1173 E Hines St",2012001548,Republic,Missouri,65738,Class A (Community/Ambulatory); Class C (Long-Term Care); Class D (Non-Sterile Compounding); Class J (Shared Services),"Steve McClanahan, II, 1173 E Hines St, Republic, Missouri, 65738",-93.4611585,37.1260211
Pharmacy,CVS/Pharmacy #5670,9141 Olive Blvd,2009037265,Olivette,Missouri,63132,Class A (Community/Ambulatory); Class C (Long-Term Care); Class D (Non-Sterile Compounding); Class J (Shared Services),"9141 Olive Blvd, Olivette, Missouri, 63132",-90.3662339,38.6746112
Pharmacy,Affinia Healthcare Pharmacy,2220 Lemp St,2006004264,Saint Louis,Missouri,63104,Class A (Community/Ambulatory); Class J (Shared Services),"2220 Lemp St, Saint Louis, Missouri, 63104",-90.2143547,38.6070599
Pharmacy,Foundation Care LLC,111 Chesterfield Industrial Blv 115,2004013283,Chesterfield,Missouri,63005,Class A (Community/Ambulatory); Class J (Shared Services); Class M (Specialty Bleeding Disorder),"111 Chesterfield Industrial Blv 115, Chesterfield, Missouri, 63005",-90.6226899,38.6672913
Pharmacy,Teko Pharmacy,501 Teaco Rd,2004011813,Kennett,Missouri,63857,Class A (Community/Ambulatory); Class C (Long-Term Care),"501 Teaco Rd, Kennett, Missouri, 63857",-90.0424877,36.2328403
Pharmacy,"Eversana Life Science Services, Eversana Pharmacy",17877 Chesterfield Airport Rd,2014000185,Chesterfield,Missouri,63005,Class A (Community/Ambulatory); Class J (Shared Services); Class M (Specialty Bleeding Disorder),"17877 Chesterfield Airport Rd, Chesterfield, Missouri, 63005",-90.62948829999999,38.6699638
Pharmacy,Old Town Pharmacy,100A Chapel Dr,2014010847,Monett,Missouri,65708,Class A (Community/Ambulatory); Class C (Long-Term Care); Class D (Non-Sterile Compounding); Class H (Sterile Product Compounding),"100A Chapel Dr, Monett, Missouri, 65708",-93.9012271,36.9127506
Pharmacy,CVS/pharmacy #10256,2161 William St,2014000999,Cape Girardeau,Missouri,63703,Class A (Community/Ambulatory); Class C (Long-Term Care); Class D (Non-Sterile Compounding); Class J (Shared Services),"2161 William St, Cape Girardeau, Missouri, 63703",-89.551311,37.3027917
Pharmacy,C & C Discount Pharmacy,508 Johnny Walker Lane Ste B,2014000270,Richmond,Missouri,64085,Class A (Community/Ambulatory); Class C (Long-Term Care),"508 Johnny Walker Lane Ste B, Richmond, Missouri, 64085",-93.9710695,39.2738139
Pharmacy,Van's Delivery Pharmacy,3229 Lemay Ferry Rd,2015038822,Saint Louis,Missouri,63125,Class A (Community/Ambulatory); Class C (Long-Term Care); Class D (Non-Sterile Compounding); Class J (Shared Services); Class M (Specialty Bleeding Disorder),"3229 Lemay Ferry Rd, Saint Louis, Missouri, 63125",-90.3163591,38.5136761
Pharmacy,"John's Pharmacy, LLLP",2001 Independence St,2015041869,Cape Girardeau,Missouri,63703,Class A (Community/Ambulatory); Class D (Non-Sterile Compounding); Class J (Shared Services),"2001 Independence St, Cape Girardeau, Missouri, 63703",-89.5483259,37.3059137
Pharmacy,Paris Pharmacy,865 S. Main Street,2010000018,Paris,Missouri,65275,Class A (Community/Ambulatory); Class C (Long-Term Care); Class G (Medical Gas),"865 S. Main Street, Paris, Missouri, 65275",-92.0019308,39.4702017
Pharmacy,Stone's Corner Pharmacy,6059 N Main St Rd,2010004690,Webb City,Missouri,64870,Class A (Community/Ambulatory); Class C (Long-Term Care); Class D (Non-Sterile Compounding); Class J (Shared Services),"6059 N Main St Rd, Webb City, Missouri, 64870",-94.5116089,37.1433688
Pharmacy,Walgreens #12749,900 Eastland Dr,2010007861,Jefferson City,Missouri,65101,Class A (Community/Ambulatory); Class J (Shared Services),"900 Eastland Dr, Jefferson City, Missouri, 65101",-92.1509674,38.5486929
Pharmacy,Hy-Vee Pharmacy (#1261),4545 S Noland Rd,2004010800,Independence,Missouri,64055,Class A (Community/Ambulatory); Class C (Long-Term Care); Class J (Shared Services),"4545 S Noland Rd, Independence, Missouri, 64055",-94.41400949999999,39.0374511
Pharmacy,Wal-Mart Pharmacy 10-5313,6100 Ronald Regan Dr.,2005040300,Lake Saint Louis,Missouri,63367,Class A (Community/Ambulatory); Class J (Shared Services),"6100 Ronald Regan Dr., Lake Saint Louis, Missouri, 63367",-90.8008388,38.7864276
Pharmacy,Walgreens #09796,588 S. Jefferson Ave.,2006000305,Lebanon,Missouri,65536-3243,Class A (Community/Ambulatory); Class C (Long-Term Care); Class D (Non-Sterile Compounding); Class J (Shared Services),"588 S. Jefferson Ave., Lebanon, Missouri, 65536-3243",-92.65813179999999,37.6771524
Pharmacy,Wal-Mart Pharmacy 10-888,400 South Fran,2002008579,Butler,Missouri,64730,Class A (Community/Ambulatory); Class J (Shared Services),"400 South Fran, Butler, Missouri, 64730",-94.3278488,38.2518716
Pharmacy,Wal-Mart Pharmacy 10-1014,4000 South Bolger Drive,2002008566,Independence,Missouri,64055,Class A (Community/Ambulatory); Class J (Shared Services),"4000 South Bolger Drive, Independence, Missouri, 64055",-94.366421,39.046333
Pharmacy,Wal-Mart Pharmacy 10-1514,2201 Michigan Ave.,2002009493,Arnold,Missouri,63010,Class A (Community/Ambulatory); Class J (Shared Services),"2201 Michigan Ave., Arnold, Missouri, 63010",-90.3778711,38.4366818
Pharmacy,Wal-Mart Pharmacy 10-451,1201 Grindstone Parkway,2002009450,Columbia,Missouri,65205,Class A (Community/Ambulatory); Class J (Shared Services),"1201 Grindstone Parkway, Columbia, Missouri, 65205",-92.32385699999999,38.913266900000004
Pharmacy,Wal-Mart Pharmacy 10-172,1701 A. Roy Drive,2002009456,Washington,Missouri,63090,Class A (Community/Ambulatory); Class J (Shared Services),"1701 A. Roy Drive, Washington, Missouri, 63090",-90.99520299999999,38.540462
Pharmacy,Wal-Mart Pharmacy 10-179,3520 W. Sunshine Street,2002009496,Springfield,Missouri,65807,Class A (Community/Ambulatory); Class J (Shared Services),"3520 W. Sunshine Street, Springfield, Missouri, 65807",-93.3521318,37.1811145
Pharmacy,Wal-Mart Pharmacy 10-78,14740 Highway #38,2002009256,Marshfield,Missouri,65706,Class A (Community/Ambulatory); Class J (Shared Services),"14740 Highway #38, Marshfield, Missouri, 65706",-92.9379515,37.3398651
Pharmacy,Wal-Mart Pharmacy 10-2857,8551 N. Boardwalk Ave.,2002008576,Kansas City,Missouri,64154,Class A (Community/Ambulatory); Class J (Shared Services),"8551 N. Boardwalk Ave., Kansas City, Missouri, 64154",-94.6545664,39.25046
Pharmacy,Wal-Mart Pharmacy 10-560,4201 N Belt Highway,2002008567,Saint Joseph,Missouri,64506,Class A (Community/Ambulatory); Class J (Shared Services),"4201 N Belt Highway, Saint Joseph, Missouri, 64506",-94.8117776,39.808611
Pharmacy,Wal-Mart Pharmacy 10-40,1301 Hwy 24 East,2002009457,Moberly,Missouri,65270,Class A (Community/Ambulatory); Class J (Shared Services),"1301 Hwy 24 East, Moberly, Missouri, 65270",-92.4204713,39.4476714
Pharmacy,Wal-Mart Pharmacy 10-0152,12862 State Road 21,2002009218,De Soto,Missouri,63020,Class A (Community/Ambulatory); Class J (Shared Services),"12862 State Road 21, De Soto, Missouri, 63020",-90.57484579999999,38.149628
Pharmacy,Wal-Mart Pharmacy 10-9,1303 South Main,2002009525,Sikeston,Missouri,63801,Class A (Community/Ambulatory); Class J (Shared Services),"1303 South Main, Sikeston, Missouri, 63801",-89.58600919999999,36.85693699999999
Pharmacy,Wal-Mart Pharmacy 10-805,653 Gravois Bluffs Blvd.,2002009454,Fenton,Missouri,63026,Class A (Community/Ambulatory); Class J (Shared Services),"653 Gravois Bluffs Blvd., Fenton, Missouri, 63026",-90.4391,38.509868
Pharmacy,Wal-Mart Pharmacy 10-188,3439 Williams Street,2002009445,Cape Girardeau,Missouri,63701,Class A (Community/Ambulatory); Class J (Shared Services),"3439 Williams Street, Cape Girardeau, Missouri, 63701",-89.5857147,37.3011619
Pharmacy,Wal-Mart Pharmacy 10-2175,18401 State Hwy 13,2002009664,Branson West,Missouri,65737,Class A (Community/Ambulatory); Class J (Shared Services),"18401 State Hwy 13, Branson West, Missouri, 65737",-93.3724319,36.699841
Pharmacy,Wal-Mart Pharmacy 10-1177,201 Highlands Blvd. Dr.,2002009479,Manchester,Missouri,63011,Class A (Community/Ambulatory); Class J (Shared Services),"201 Highlands Blvd. Dr., Manchester, Missouri, 63011",-90.5067586,38.5960126
Pharmacy,Wal-Mart Pharmacy 10-1009,1150 US Hwy. 60 East,2002009494,Republic,Missouri,65738,Class A (Community/Ambulatory); Class J (Shared Services),"1150 US Hwy. 60 East, Republic, Missouri, 65738",-93.4589858,37.1281543
Pharmacy,Wal-Mart Pharmacy 10-20,1712 East Ohio,2002009516,Clinton,Missouri,64735,Class A (Community/Ambulatory); Class J (Shared Services),"1712 East Ohio, Clinton, Missouri, 64735",-93.7507052,38.3629312
Pharmacy,Wal-Mart Pharmacy 10-89,94 Cecil Street,2002009452,Camdenton,Missouri,65020,Class A (Community/Ambulatory); Class J (Shared Services),"94 Cecil Street, Camdenton, Missouri, 65020",-92.72309020000002,38.0256121
Pharmacy,Wal-Mart Pharmacy 10-135,1000 Graves Street,2002009338,Chillicothe,Missouri,64601,Class A (Community/Ambulatory); Class J (Shared Services),"1000 Graves Street, Chillicothe, Missouri, 64601",-93.5563614,39.77652330000001
Pharmacy,Wal-Mart Pharmacy 10-648,1661 Jungerman Rd.,2002009482,St. Peters,Missouri,63304,Class A (Community/Ambulatory); Class J (Shared Services),"1661 Jungerman Rd., St. Peters, Missouri, 63304",-90.588532,38.745055
Pharmacy,Wal-Mart Pharmacy 10-573,1000 NE Sam Walton Lane,2002009469,Lees Summit,Missouri,64086,Class A (Community/Ambulatory); Class J (Shared Services),"1000 NE Sam Walton Lane, Lees Summit, Missouri, 64086",-94.36357869999999,38.9304666
Pharmacy,Wal-Mart Pharmacy 10-65,350 Parkridge Rd.,2002009458,Sullivan,Missouri,63080,Class A (Community/Ambulatory); Class J (Shared Services),"350 Parkridge Rd., Sullivan, Missouri, 63080",-91.15478809999999,38.2207549
Pharmacy,Wal-Mart Pharmacy 10-2702,1102 North Massey Blvd.,2002009495,Nixa,Missouri,65714,Class A (Community/Ambulatory); Class J (Shared Services),"1102 North Massey Blvd., Nixa, Missouri, 65714",-93.2988771,37.0611205
Pharmacy,Wal-Mart Pharmacy 10-29,724 West Stadium Blvd,2002009446,Jefferson City,Missouri,65109,Class A (Community/Ambulatory); Class J (Shared Services),"724 West Stadium Blvd, Jefferson City, Missouri, 65109",-92.2199291,38.58005319999999
Pharmacy,Wal-Mart Pharmacy 10-243,1971 Wentzville Pkwy,2002009410,Wentzville,Missouri,63385,Class A (Community/Ambulatory); Class J (Shared Services),"1971 Wentzville Pkwy, Wentzville, Missouri, 63385",-90.87868619999999,38.8164375
Pharmacy,Wal-Mart Pharmacy 10-80,3001 West Broadway,2002009382,Columbia,Missouri,65203,Class A (Community/Ambulatory); Class J (Shared Services),"3001 West Broadway, Columbia, Missouri, 65203",-92.382442,38.9570902
Pharmacy,Wal-Mart Pharmacy 10-820,2150 Main St.,2002009520,Boonville,Missouri,65233,Class A (Community/Ambulatory); Class J (Shared Services),"2150 Main St., Boonville, Missouri, 65233",-92.739764,38.95139220000001
Pharmacy,Wal-Mart Pharmacy 10-338,29 S. W. 1st Lane,2002009932,Lamar,Missouri,64759,Class A (Community/Ambulatory); Class J (Shared Services),"29 S. W. 1st Lane, Lamar, Missouri, 64759",-94.3023697,37.4971012
Pharmacy,Wal-Mart Pharmacy 10-0019,333 S. Westwood,2002009473,Poplar Bluff,Missouri,63901,Class A (Community/Ambulatory); Class J (Shared Services),"333 S. Westwood, Poplar Bluff, Missouri, 63901",-90.4118007,36.755657
Pharmacy,Wal-Mart Pharmacy 10-453,1007 North Douglas,2002010530,Malden,Missouri,63863,Class A (Community/Ambulatory); Class J (Shared Services),"1007 North Douglas, Malden, Missouri, 63863",-89.9724933,36.5701292
Pharmacy,Wal-Mart Pharmacy 10-837,333 East Walnut,2002009449,Thayer,Missouri,65791,Class A (Community/Ambulatory); Class J (Shared Services),"333 East Walnut, Thayer, Missouri, 65791",-91.5327408,36.5248948
Pharmacy,Wal-Mart Pharmacy 10-2856,201 South Salem Street,2002009931,Oak Grove,Missouri,64075,Class A (Community/Ambulatory); Class J (Shared Services),"201 South Salem Street, Oak Grove, Missouri, 64075",-94.122985,39.01412699999999
Pharmacy,Wal-Mart Pharmacy 10-363,855 S. Cherokee Dr,2002008563,Marshall,Missouri,65340,Class A (Community/Ambulatory); Class J (Shared Services),"855 S. Cherokee Dr, Marshall, Missouri, 65340",-93.21638340000001,39.111492
Pharmacy,Wal-Mart Pharmacy 10-0326,1180 West 19th Street,2002009340,Higginsville,Missouri,64037,Class A (Community/Ambulatory); Class J (Shared Services),"1180 West 19th Street, Higginsville, Missouri, 64037",-93.7367415,39.0779362
Pharmacy,Wal-Mart Pharmacy 10-2694,1202 S. Kirkwood Rd.,2002009933,Kirkwood,Missouri,63122,Class A (Community/Ambulatory); Class J (Shared Services),"1202 S. Kirkwood Rd., Kirkwood, Missouri, 63122",-90.4030117,38.5630748
Pharmacy,Wal-Mart Pharmacy 10-79,2623 West 7th Street,2002008612,Joplin,Missouri,64801,Class A (Community/Ambulatory); Class J (Shared Services),"2623 West 7th Street, Joplin, Missouri, 64801",-94.5458273,37.0870529
Pharmacy,Wal-Mart Pharmacy 10-1094,10300 E Hwy 350,2002009451,Raytown,Missouri,64138,Class A (Community/Ambulatory); Class J (Shared Services),"10300 E Hwy 350, Raytown, Missouri, 64138",-94.4590573,38.9838331
Pharmacy,Wal-Mart Pharmacy 10-0145,3 Town Center Dr.,2002009483,Bowling Green,Missouri,63334,Class A (Community/Ambulatory); Class J (Shared Services),"3 Town Center Dr., Bowling Green, Missouri, 63334",-91.1815032,39.3308639
Pharmacy,Wal-Mart Pharmacy 10-0357,1003 W. Newton   PO Box 12,2002009217,Versailles,Missouri,65084,Class A (Community/Ambulatory); Class J (Shared Services),"1003 W. Newton   PO Box 12, Versailles, Missouri, 65084",-92.8588583,38.4342269
Pharmacy,Wal-Mart Pharmacy 10-871,101 W. Highway 60,2002009515,Mountain View,Missouri,65548,Class A (Community/Ambulatory); Class J (Shared Services),"101 W. Highway 60, Mountain View, Missouri, 65548",-91.7009817,36.9902495
Pharmacy,Wal-Mart Pharmacy 10-815,4252 Hwy 54,2002009665,Osage Beach,Missouri,65065,Class A (Community/Ambulatory); Class J (Shared Services),"4252 Hwy 54, Osage Beach, Missouri, 65065",-92.6685736,38.1280947
Pharmacy,Wal-Mart Pharmacy 10-88,2100 North Main,2002009517,Mountain Grove,Missouri,65711,Class A (Community/Ambulatory); Class J (Shared Services),"2100 North Main, Mountain Grove, Missouri, 65711",-92.2595272,37.14990590000001
Pharmacy,Wal-Mart Pharmacy 10-354,1888 Hwy 28 East,2002009253,Owensville,Missouri,65066,Class A (Community/Ambulatory); Class J (Shared Services),"1888 Hwy 28 East, Owensville, Missouri, 65066",-91.481782,38.3531758
Pharmacy,Wal-Mart Pharmacy 10-0166,1433 S. Sam Houston Blvd.,2002010322,Houston,Missouri,65483,Class A (Community/Ambulatory); Class C (Long-Term Care); Class J (Shared Services),"1433 S. Sam Houston Blvd., Houston, Missouri, 65483",-91.9626605,37.31376030000001
Pharmacy,Walmart Pharmacy 10-4057,1600 E 7th St,2014011519,Joplin,Missouri,64801,Class A (Community/Ambulatory); Class J (Shared Services),"1600 E 7th St, Joplin, Missouri, 64801",-94.4964305,37.0828428
Pharmacy,CVS/pharmacy #10325,8101 Clayton Rd,2014008665,Clayton,Missouri,63117,Class A (Community/Ambulatory); Class C (Long-Term Care); Class D (Non-Sterile Compounding); Class J (Shared Services),"8101 Clayton Rd, Clayton, Missouri, 63117",-90.34600110000001,38.6388318
Pharmacy,CVS/pharmacy #16240,3151 E 7th St,2015043691,Joplin,Missouri,64801,Class A (Community/Ambulatory); Class D (Non-Sterile Compounding); Class J (Shared Services),"3151 E 7th St, Joplin, Missouri, 64801",-94.4736145,37.0848973
Pharmacy,CVS/pharmacy #16385,202 Siemers Dr,2015043657,Cape Girardeau,Missouri,63701,Class A (Community/Ambulatory); Class D (Non-Sterile Compounding); Class J (Shared Services),"202 Siemers Dr, Cape Girardeau, Missouri, 63701",-89.5797949,37.2996229
Pharmacy,CVS/pharmacy #16727,4375 N Chouteau Trfy,2015043695,Kansas City,Missouri,64117,Class A (Community/Ambulatory); Class D (Non-Sterile Compounding); Class J (Shared Services),"4375 N Chouteau Trfy, Kansas City, Missouri, 64117",-94.53230839999999,39.1741593
Pharmacy,CVS/pharmacy #16624,1042 S Kirkwood Rd,2015043649,Kirkwood,Missouri,63122,Class A (Community/Ambulatory); Class D (Non-Sterile Compounding); Class J (Shared Services),"1042 S Kirkwood Rd, Kirkwood, Missouri, 63122",-90.4041348,38.5649376
Pharmacy,CVS/pharmacy #16657,197 Gravois Bluffs Plaza Dr,2015043683,Fenton,Missouri,63026,Class A (Community/Ambulatory); Class D (Non-Sterile Compounding); Class J (Shared Services),"197 Gravois Bluffs Plaza Dr, Fenton, Missouri, 63026",-90.44669909999999,38.50648
Pharmacy,CVS/pharmacy #16839,4250 Rusty Rd,2015043656,Saint Louis,Missouri,63128,Class A (Community/Ambulatory); Class D (Non-Sterile Compounding); Class J (Shared Services),"4250 Rusty Rd, Saint Louis, Missouri, 63128",-90.3397495,38.5062273
Pharmacy,CVS/pharmacy #16868,1106 E North Ave,2015043647,Belton,Missouri,64012,Class A (Community/Ambulatory); Class D (Non-Sterile Compounding); Class J (Shared Services),"1106 E North Ave, Belton, Missouri, 64012",-94.5162781,38.8157575
Pharmacy,CVS/pharmacy #17032,919 Hwy D,2015043643,Osage Beach,Missouri,65065,Class A (Community/Ambulatory); Class D (Non-Sterile Compounding); Class J (Shared Services),"919 Hwy D, Osage Beach, Missouri, 65065",-92.59667019999999,38.1650893
Pharmacy,CVS/pharmacy #17189,7955 Hwy N,2015043641,Dardenne Prairie,Missouri,63368,Class A (Community/Ambulatory); Class D (Non-Sterile Compounding); Class J (Shared Services),"7955 Hwy N, Dardenne Prairie, Missouri, 63368",-90.7688797,38.7688176
Pharmacy,CVS/pharmacy #17093,5201 N Belt Hwy Ste H,2015043633,Saint Joseph,Missouri,64506,Class A (Community/Ambulatory); Class D (Non-Sterile Compounding); Class J (Shared Services),"5201 N Belt Hwy Ste H, Saint Joseph, Missouri, 64506",-94.81237670000002,39.8105846
Pharmacy,CVS/pharmacy #17184,1200 Branson Hills Pkwy,2015043636,Branson,Missouri,65616,Class A (Community/Ambulatory); Class D (Non-Sterile Compounding); Class J (Shared Services),"1200 Branson Hills Pkwy, Branson, Missouri, 65616",-93.2260295,36.67420790000001
Pharmacy,Price Chopper Pharmacy #415,2600 Ensign Hill Dr,2015043216,Platte City,Missouri,64079,Class A (Community/Ambulatory); Class J (Shared Services),"2600 Ensign Hill Dr, Platte City, Missouri, 64079",-94.7676763,39.3508924
Pharmacy,Rogers Pharmacy,125 E South Ave,2015044910,Maryville,Missouri,64468,Class A (Community/Ambulatory); Class C (Long-Term Care); Class D (Non-Sterile Compounding); Class J (Shared Services),"125 E South Ave, Maryville, Missouri, 64468",-94.8726829,40.3349785
Pharmacy,Walgreens #02227,250 E. 4th Street,2004026863,Eureka,Missouri,63025,Class A (Community/Ambulatory); Class C (Long-Term Care); Class J (Shared Services),"250 E. 4th Street, Eureka, Missouri, 63025",-90.6248957,38.5039222
Pharmacy,Walgreens Specialty Pharmacy #15311,115 N Euclid Ave Ste A,2012013999,Saint Louis,Missouri,63108,Class A (Community/Ambulatory); Class C (Long-Term Care); Class D (Non-Sterile Compounding); Class J (Shared Services),"115 N Euclid Ave Ste A, Saint Louis, Missouri, 63108",-90.26213249999999,38.64242490000001
Pharmacy,Powers Compounding Pharmacy,2315 Technology Dr Suite 113,2012025803,O Fallon,Missouri,63368,Class A (Community/Ambulatory); Class C (Long-Term Care); Class D (Non-Sterile Compounding),"2315 Technology Dr Suite 113, O Fallon, Missouri, 63368",-90.75551339312598,38.75746749302948
Pharmacy,Medicine Shoppe,106 B Four Seasons Shopping Ctr,2010003828,Chesterfield,Missouri,63017,Class A (Community/Ambulatory); Class C (Long-Term Care); Class D (Non-Sterile Compounding),"106 B Four Seasons Shopping Ctr, Chesterfield, Missouri, 63017",-90.50297069999999,38.6790177
Pharmacy,Walgreens #09713,3740 W. Truman Blvd.,2006000615,Jefferson City,Missouri,65109,Class A (Community/Ambulatory); Class C (Long-Term Care); Class J (Shared Services),"3740 W. Truman Blvd., Jefferson City, Missouri, 65109",-92.25707779999999,38.5860833
Pharmacy,CVS/Pharmacy #2363,8021 Watson Rd,2014015455,Webster Groves,Missouri,63119,Class A (Community/Ambulatory); Class C (Long-Term Care); Class D (Non-Sterile Compounding); Class J (Shared Services),"8021 Watson Rd, Webster Groves, Missouri, 63119",-90.3410304,38.5683714
Pharmacy,Randolph Drug Store,301 S Polk St,2015044937,Maysville,Missouri,64469,Class A (Community/Ambulatory); Class C (Long-Term Care); Class D (Non-Sterile Compounding),"301 S Polk St, Maysville, Missouri, 64469",-94.3590353,39.8882115
Pharmacy,Price Chopper Pharmacy #16,12220 S 71 Hwy,2012012962,Grandview,Missouri,64030,Class A (Community/Ambulatory),"12220 S 71 Hwy, Grandview, Missouri, 64030",-94.52743629999999,38.9037472
Pharmacy,Genoa Healthcare LLC,#1 Southtowne Drive,2012022253,Potosi,Missouri,63664,Class A (Community/Ambulatory); Class C (Long-Term Care); Class J (Shared Services),"#1 Southtowne Drive, Potosi, Missouri, 63664",-90.77491289999999,37.9203389
Pharmacy,Mizzou Pharmacy-Smiley Lane,2325 Smiley Lane,2008003838,Columbia,Missouri,65202,Class A (Community/Ambulatory); Class C (Long-Term Care); Class J (Shared Services),"2325 Smiley Lane, Columbia, Missouri, 65202",-92.3027255,38.9931356
Pharmacy,Sam's Club Pharmacy 10-6247,8130 N Church Rd,2014016142,Kansas City,Missouri,64158,Class A (Community/Ambulatory); Class J (Shared Services),"8130 N Church Rd, Kansas City, Missouri, 64158",-94.46404489999999,39.2406628
Pharmacy,CVS/pharmacy #10506,3320 N Belt Hwy,2016006007,Saint Joseph,Missouri,64506,Class A (Community/Ambulatory); Class C (Long-Term Care); Class D (Non-Sterile Compounding); Class J (Shared Services),"3320 N Belt Hwy, Saint Joseph, Missouri, 64506",-94.81553439999999,39.8004217
Pharmacy,CVS/pharmacy #5669,7320 Gravois Ave,2009037268,Saint Louis,Missouri,63116,Class A (Community/Ambulatory); Class C (Long-Term Care); Class D (Non-Sterile Compounding); Class J (Shared Services),"7320 Gravois Ave, Saint Louis, Missouri, 63116",-90.2932452,38.5641718
Pharmacy,CVS/Pharmacy #5643,7334 Lindbergh Blvd,2009037396,Saint Louis,Missouri,63125,Class A (Community/Ambulatory); Class C (Long-Term Care); Class D (Non-Sterile Compounding); Class J (Shared Services),"7334 Lindbergh Blvd, Saint Louis, Missouri, 63125",-90.3272519,38.5058085
Pharmacy,CVS Pharmacy #5689,15846 Manchester Rd,2009037374,Ellisville,Missouri,63011,Class A (Community/Ambulatory); Class C (Long-Term Care); Class D (Non-Sterile Compounding); Class J (Shared Services),"15846 Manchester Rd, Ellisville, Missouri, 63011",-90.5851452,38.5920195
Pharmacy,Kilgores Medical Pharmacy,1608 Chapel Hill Rd,2008000931,Columbia,Missouri,65203,Class A (Community/Ambulatory); Class C (Long-Term Care); Class D (Non-Sterile Compounding); Class J (Shared Services),"1608 Chapel Hill Rd, Columbia, Missouri, 65203",-92.3647864,38.9303324
Pharmacy,Walgreens #10211,701 N State Highway 47,2008014864,Warrenton,Missouri,63383,Class A (Community/Ambulatory); Class C (Long-Term Care); Class J (Shared Services),"701 N State Highway 47, Warrenton, Missouri, 63383",-91.1422352,38.8191583
Pharmacy,Walgreens #10907,1410 N Bluff St,2008019420,Fulton,Missouri,65251,Class A (Community/Ambulatory); Class C (Long-Term Care); Class D (Non-Sterile Compounding); Class J (Shared Services),"1410 N Bluff St, Fulton, Missouri, 65251",-91.9433344,38.8607648
Pharmacy,Walgreens #09986,311 N. Baltimore St,2006015825,Kirksville,Missouri,63501,Class A (Community/Ambulatory); Class C (Long-Term Care); Class J (Shared Services),"311 N. Baltimore St, Kirksville, Missouri, 63501",-92.57281139999999,40.1966747
Pharmacy,"Cornerstone Pharmacy Kennett, LLC",123 1st Street,2014012293,Kennett,Missouri,63857,Class A (Community/Ambulatory); Class C (Long-Term Care),"123 1st Street, Kennett, Missouri, 63857",-90.05573849999999,36.2363315
Pharmacy,Burns & McDonnell Pharmacy,9450 Ward Pkwy,2016015065,Kansas City,Missouri,64114,Class A (Community/Ambulatory); Class J (Shared Services),"9450 Ward Pkwy, Kansas City, Missouri, 64114",-94.59707920000001,38.95785619999999
Pharmacy,Walgreens #12628,2001 S Range Line Rd,2010012806,Joplin,Missouri,64804,Class A (Community/Ambulatory); Class C (Long-Term Care); Class J (Shared Services),"2001 S Range Line Rd, Joplin, Missouri, 64804",-94.47715960000001,37.0686572
Pharmacy,Price Chopper Pharmacy #250,2101 North 7 Hwy,2008004749,Pleasant Hill,Missouri,64080,Class A (Community/Ambulatory); Class J (Shared Services),"2101 North 7 Hwy, Pleasant Hill, Missouri, 64080",-94.26498459999999,38.8140563
Pharmacy,Walgreens #16250,440 E Tampa St Ste 100,2014020270,Springfield,Missouri,65806,Class A (Community/Ambulatory); Class J (Shared Services),"440 E Tampa St Ste 100, Springfield, Missouri, 65806",-93.288231,37.2139417
Pharmacy,Sinks Pharmacy,606 Highway 63 South,2008006197,Vienna,Missouri,65582,Class A (Community/Ambulatory); Class C (Long-Term Care); Class J (Shared Services),"606 Highway 63 South, Vienna, Missouri, 65582",-91.9218233,38.3239918
Pharmacy,St. Luke's Pharmacy,224 S Woods Mill Rd Ste 350,2008006745,Chesterfield,Missouri,63017,Class A (Community/Ambulatory); Class C (Long-Term Care); Class D (Non-Sterile Compounding); Class J (Shared Services),"224 S Woods Mill Rd Ste 350, Chesterfield, Missouri, 63017",-90.5033574,38.6512651
Pharmacy,EverSpring,1884 Lackland Hill Pkwy Ste 6,2008008182,Saint Louis,Missouri,63146,Class A (Community/Ambulatory); Class C (Long-Term Care); Class J (Shared Services),"1884 Lackland Hill Pkwy Ste 6, Saint Louis, Missouri, 63146",-90.412183,38.695196
Pharmacy,Landrum Drug Inc,106 E. Mount Vernon BLVD.,2008012584,Mount Vernon,Missouri,65712,Class A (Community/Ambulatory); Class C (Long-Term Care),"106 E. Mount Vernon BLVD., Mount Vernon, Missouri, 65712",-93.8187726,37.0949263
Pharmacy,Walgreens #10130,6365 Lewis Dr,2006012860,Parkville,Missouri,64152,Class A (Community/Ambulatory); Class J (Shared Services),"6365 Lewis Dr, Parkville, Missouri, 64152",-94.6843227,39.210169
Pharmacy,New Madrid Pharmacy,457 Main St,2014030752,New Madrid,Missouri,63869,Class A (Community/Ambulatory); Class C (Long-Term Care),"457 Main St, New Madrid, Missouri, 63869",-89.5268806,36.5877172
Pharmacy,Price Chopper Pharmacy #319,15700 N US 169 Unit E,2014039505,Smithville,Missouri,64089,Class A (Community/Ambulatory); Class J (Shared Services),"15700 N US 169 Unit E, Smithville, Missouri, 64089",-94.5854404,39.3779587
Pharmacy,Price Chopper Pharmacy #288,9717 N Ash Ave,2014028412,Kansas City,Missouri,64157,Class A (Community/Ambulatory); Class J (Shared Services),"9717 N Ash Ave, Kansas City, Missouri, 64157",-94.4482939,39.2691374
Pharmacy,St Peters Community Pharmacy,4885 Mexico Rd,2014023957,Saint Peters,Missouri,63376,Class A (Community/Ambulatory); Class D (Non-Sterile Compounding); Class J (Shared Services),"4885 Mexico Rd, Saint Peters, Missouri, 63376",-90.58780519999999,38.791837
Pharmacy,Walgreens Specialty Pharmacy #16073,2330 E Meyer Blvd Ste 103,2014027398,Kansas City,Missouri,64132,Class A (Community/Ambulatory); Class J (Shared Services),"2330 E Meyer Blvd Ste 103, Kansas City, Missouri, 64132",-94.55830019999999,39.0087945
Pharmacy,Pharmax Pharmacy #1160,116 Walnut St.,2016018376,Festus,Missouri,63028,Class A (Community/Ambulatory); Class C (Long-Term Care),"116 Walnut St., Festus, Missouri, 63028",-90.39536540000002,38.2203005
Pharmacy,Malden Pharmacy & Home Medical Equipment,214 W Main,2016027108,Malden,Missouri,63863,Class A (Community/Ambulatory); Class C (Long-Term Care); Class D (Non-Sterile Compounding); Class G (Medical Gas),"214 W Main, Malden, Missouri, 63863",-89.9689875,36.55846349999999
Pharmacy,Hy-Vee Pharmacy #1082,25 Conley Rd,2010007877,Columbia,Missouri,65201,Class A (Community/Ambulatory); Class C (Long-Term Care); Class J (Shared Services),"25 Conley Rd, Columbia, Missouri, 65201",-92.29876589999999,38.9485748
Pharmacy,CVS/pharmacy #4088,3351 SW 3rd St,2008014081,Lees Summit,Missouri,64081,Class A (Community/Ambulatory); Class C (Long-Term Care); Class D (Non-Sterile Compounding); Class J (Shared Services),"3351 SW 3rd St, Lees Summit, Missouri, 64081",-94.4495724,38.91257360000001
Pharmacy,Walgreens #11311,1053 Meyer Rd,2008011681,Wentzville,Missouri,63385,Class A (Community/Ambulatory); Class C (Long-Term Care); Class J (Shared Services),"1053 Meyer Rd, Wentzville, Missouri, 63385",-90.86001,38.82459739999999
Pharmacy,CVS Pharmacy #8543,1914 Swift St,2006015555,North Kansas City,Missouri,64116,Class A (Community/Ambulatory); Class C (Long-Term Care); Class D (Non-Sterile Compounding); Class J (Shared Services),"1914 Swift St, North Kansas City, Missouri, 64116",-94.5776738,39.1422594
Pharmacy,CVS Pharmacy #8554,6129 NE Antioch Rd,2006015562,Gladstone,Missouri,64119,Class A (Community/Ambulatory); Class C (Long-Term Care); Class D (Non-Sterile Compounding); Class J (Shared Services),"6129 NE Antioch Rd, Gladstone, Missouri, 64119",-94.53607559999999,39.2097949
Pharmacy,CVS Pharmacy #8590,315 W. 75th Street,2006015995,Kansas City,Missouri,64114,Class A (Community/Ambulatory); Class C (Long-Term Care); Class D (Non-Sterile Compounding); Class J (Shared Services),"315 W. 75th Street, Kansas City, Missouri, 64114",-94.59263229999999,38.991807
Pharmacy,CVS Pharmacy #8556,5440 NW 64th St.,2006015570,Kansas City,Missouri,64151,Class A (Community/Ambulatory); Class C (Long-Term Care); Class D (Non-Sterile Compounding); Class J (Shared Services),"5440 NW 64th St., Kansas City, Missouri, 64151",-94.64382069999999,39.2111543
Pharmacy,CVS Pharmacy #8566,5310 Blueridge Blvd,2006015591,Raytown,Missouri,64133,Class A (Community/Ambulatory); Class C (Long-Term Care); Class D (Non-Sterile Compounding); Class J (Shared Services),"5310 Blueridge Blvd, Raytown, Missouri, 64133",-94.4433785,39.0256626
Pharmacy,CVS Pharmacy #8567,5011 Main Street,2006015593,Kansas City,Missouri,64112,Class A (Community/Ambulatory); Class C (Long-Term Care); Class D (Non-Sterile Compounding); Class J (Shared Services),"5011 Main Street, Kansas City, Missouri, 64112",-94.5868685,39.0360471
Pharmacy,CVS Pharmacy #8579,751 NE Woods Chapel Rd,2006015961,Lees Summit,Missouri,64064,Class A (Community/Ambulatory); Class C (Long-Term Care); Class D (Non-Sterile Compounding); Class J (Shared Services),"751 NE Woods Chapel Rd, Lees Summit, Missouri, 64064",-94.3611122,38.9820182
Pharmacy,Walgreens Specialty Pharmacy #16072,3537 Broadway Blvd,2012013998,Kansas City,Missouri,64111,Class A (Community/Ambulatory); Class C (Long-Term Care); Class D (Non-Sterile Compounding); Class J (Shared Services),"3537 Broadway Blvd, Kansas City, Missouri, 64111",-94.58997289999999,39.0624542
Pharmacy,Schroeder Drugs #1201,540 E Fifth St,2016018293,Washington,Missouri,63090,Class A (Community/Ambulatory); Class C (Long-Term Care),"540 E Fifth St, Washington, Missouri, 63090",-91.00664569999999,38.5530812
Pharmacy,CVS/pharmacy #10171,696-698 N Hwy 67 St,2016028317,Florissant,Missouri,63031,Class A (Community/Ambulatory); Class C (Long-Term Care); Class D (Non-Sterile Compounding); Class J (Shared Services),"696-698 N Hwy 67 St, Florissant, Missouri, 63031",-90.33597040000001,38.7989268
Pharmacy,Wal-Mart Pharmacy 10-4381,1101 Branson Hills Pkwy,2008015215,Branson,Missouri,65616,Class A (Community/Ambulatory); Class J (Shared Services),"1101 Branson Hills Pkwy, Branson, Missouri, 65616",-93.2296901,36.6700526
Pharmacy,Walgreens #09929,1675 W South St,2006029432,Ozark,Missouri,65721,Class A (Community/Ambulatory); Class C (Long-Term Care); Class J (Shared Services),"1675 W South St, Ozark, Missouri, 65721",-93.2207387,37.0051286
Pharmacy,Walgreens #07423,1210 Sugar Creek Square,2006022586,Fenton,Missouri,63026-4401,Class A (Community/Ambulatory); Class C (Long-Term Care); Class J (Shared Services),"1210 Sugar Creek Square, Fenton, Missouri, 63026-4401",-90.48870509999999,38.4906699
Pharmacy,Parkland Pharmacy,1025 Hwy 72 Bypass,2012034351,Fredericktown,Missouri,63645,Class A (Community/Ambulatory); Class C (Long-Term Care); Class D (Non-Sterile Compounding); Class J (Shared Services),"1025 Hwy 72 Bypass, Fredericktown, Missouri, 63645",-90.31533809999999,37.5618212
Pharmacy,KB Kirksville Pharmacy LLC,1611 S Baltimore St Ste B,2016029935,Kirksville,Missouri,63501,Class A (Community/Ambulatory); Class C (Long-Term Care); Class J (Shared Services),"1611 S Baltimore St Ste B, Kirksville, Missouri, 63501",-92.5704693,40.1817799
Pharmacy,Alton Drug Store,201 State Hwy 19,2016031074,Alton,Missouri,65606,Class A (Community/Ambulatory); Class C (Long-Term Care),"201 State Hwy 19, Alton, Missouri, 65606",-91.39603679999999,36.6930903
Pharmacy,Goldsmith Medicenter Pharmacy,"13354 Manchester Road, Suite 101",2016032997,Des Peres,Missouri,63131,Class A (Community/Ambulatory); Class C (Long-Term Care); Class D (Non-Sterile Compounding); Class J (Shared Services),"13354 Manchester Road, Suite 101, Des Peres, Missouri, 63131",-90.46660399999999,38.600027
Pharmacy,"Rx Outreach, Inc",3171-3183 Riverport Tech Ctr Dr,2010034839,Maryland Heights,Missouri,63043,Class A (Community/Ambulatory); Class J (Shared Services),"3171-3183 Riverport Tech Ctr Dr, Maryland Heights, Missouri, 63043",-90.4724281,38.7534562
Pharmacy,CVS Pharmacy #8430,3825 S Noland Rd,2006034080,Independence,Missouri,64055,Class A (Community/Ambulatory); Class C (Long-Term Care); Class D (Non-Sterile Compounding); Class J (Shared Services),"3825 S Noland Rd, Independence, Missouri, 64055",-94.4144081,39.0506878
Pharmacy,Walgreens #02450,330 SW Ward Rd,2006023059,Lees Summit,Missouri,64081,Class A (Community/Ambulatory); Class J (Shared Services),"330 SW Ward Rd, Lees Summit, Missouri, 64081",-94.3957465,38.90889019999999
Pharmacy,Genoa Healthcare LLC,19515 Brune Pkwy,2012016190,Warrenton,Missouri,63383,Class A (Community/Ambulatory); Class C (Long-Term Care); Class J (Shared Services),"19515 Brune Pkwy, Warrenton, Missouri, 63383",-91.1471615,38.80034089999999
Pharmacy,Medley Pharmacy,733 W Springfield,2008034039,Gerald,Missouri,63037,Class A (Community/Ambulatory); Class C (Long-Term Care); Class J (Shared Services),"733 W Springfield, Gerald, Missouri, 63037",-91.33988099999999,38.3969502
Pharmacy,Whitley Pharmacy,101 W 8th,2008025791,Cassville,Missouri,65625,Class A (Community/Ambulatory); Class C (Long-Term Care); Class D (Non-Sterile Compounding),"101 W 8th, Cassville, Missouri, 65625",-93.86806639999999,36.6794391
Pharmacy,Walgreens #12062,106 Silver Thread Ln,2008030428,Branson West,Missouri,65737,Class A (Community/Ambulatory); Class C (Long-Term Care); Class D (Non-Sterile Compounding); Class J (Shared Services),"106 Silver Thread Ln, Branson West, Missouri, 65737",-93.3687365,36.6998584
Pharmacy,Hutcheson Pharmacy,1422 S Sam Houston Blvd Ste 100,2012026256,Houston,Missouri,65483,Class A (Community/Ambulatory); Class C (Long-Term Care),"1422 S Sam Houston Blvd Ste 100, Houston, Missouri, 65483",-91.9591305,37.3140758
Pharmacy,Steelville Drug,"503 W Main St, PO Box AB",2014014683,Steelville,Missouri,65565,Class A (Community/Ambulatory); Class C (Long-Term Care); Class J (Shared Services),"503 W Main St, PO Box AB, Steelville, Missouri, 65565",-91.3606635,37.9670059
Pharmacy,CVS/pharmacy #2341,14400 Clayton Rd,2010030284,Ballwin,Missouri,63011,Class A (Community/Ambulatory); Class C (Long-Term Care); Class D (Non-Sterile Compounding); Class J (Shared Services),"14400 Clayton Rd, Ballwin, Missouri, 63011",-90.5238667,38.6212003
Pharmacy,Imran Pharmacy,3737 N Kingshighway Blvd Ste 100,2010031647,Saint Louis,Missouri,63115,Class A (Community/Ambulatory); Class C (Long-Term Care); Class D (Non-Sterile Compounding),"3737 N Kingshighway Blvd Ste 100, Saint Louis, Missouri, 63115",-90.2517001,38.6774055
Pharmacy,Sterling Pharmacy,808 Hunter Ste 1-A,2010034498,Sikeston,Missouri,63801,Class A (Community/Ambulatory); Class D (Non-Sterile Compounding); Class J (Shared Services),"808 Hunter Ste 1-A, Sikeston, Missouri, 63801",-89.5798888,36.887489
Pharmacy,CVS/pharmacy #3087,11560 Olive Blvd,2010033738,Creve Coeur,Missouri,63141,Class A (Community/Ambulatory); Class C (Long-Term Care); Class D (Non-Sterile Compounding); Class J (Shared Services),"11560 Olive Blvd, Creve Coeur, Missouri, 63141",-90.43783529999999,38.6705758
Pharmacy,Miller Rexall Drug,115 Vine St - PO Box 486,2008030097,Macon,Missouri,63552,Class A (Community/Ambulatory); Class C (Long-Term Care),"115 Vine St - PO Box 486, Macon, Missouri, 63552",-92.4723046,39.7380485
Pharmacy,Walmart Pharmacy 10-7249,500 W Mount Vernon Blvd,2014034399,Mount Vernon,Missouri,65712,Class A (Community/Ambulatory); Class J (Shared Services),"500 W Mount Vernon Blvd, Mount Vernon, Missouri, 65712",-93.8259367,37.0919804
Pharmacy,Walmart Pharmacy 10-2442,5261 N Antioch Rd,2014037286,Kansas City,Missouri,64119,Class A (Community/Ambulatory); Class J (Shared Services),"5261 N Antioch Rd, Kansas City, Missouri, 64119",-94.5465821,39.1898253
Pharmacy,CVS/pharmacy #6477,3002 Highway K,2012033319,O Fallon,Missouri,63368,Class A (Community/Ambulatory); Class C (Long-Term Care); Class D (Non-Sterile Compounding); Class J (Shared Services),"3002 Highway K, O Fallon, Missouri, 63368",-90.6994541,38.7561928
Pharmacy,CVS/pharmacy #10053,400 Mid Rivers Mall Dr,2012030595,Saint Peters,Missouri,63376,Class A (Community/Ambulatory); Class C (Long-Term Care); Class D (Non-Sterile Compounding); Class J (Shared Services),"400 Mid Rivers Mall Dr, Saint Peters, Missouri, 63376",-90.625242,38.7893273
Pharmacy,CVS/pharmacy #6745,6999 Parker Rd,2012036310,Florissant,Missouri,63033,Class A (Community/Ambulatory); Class C (Long-Term Care); Class D (Non-Sterile Compounding); Class J (Shared Services),"6999 Parker Rd, Florissant, Missouri, 63033",-90.2310001,38.7965412
Pharmacy,CVS/pharmacy #10160,112 East 32nd St,2014033338,Joplin,Missouri,64804,Class A (Community/Ambulatory); Class C (Long-Term Care); Class D (Non-Sterile Compounding); Class J (Shared Services),"112 East 32nd St, Joplin, Missouri, 64804",-94.514022,37.0545935
Pharmacy,St. Louis Pharmacy,1001 Lynch St Ste B,2013009767,Saint Louis,Missouri,63118,Class A (Community/Ambulatory); Class C (Long-Term Care); Class D (Non-Sterile Compounding); Class J (Shared Services),"1001 Lynch St Ste B, Saint Louis, Missouri, 63118",-90.2112331,38.5999911
Pharmacy,Genoa Healthcare LLC,"1780 Old Hwy 50 East, Suite 100B",2012039339,Union,Missouri,63084,Class A (Community/Ambulatory); Class C (Long-Term Care); Class J (Shared Services),"1780 Old Hwy 50 East, Suite 100B, Union, Missouri, 63084",-90.95299440000001,38.4364158
Pharmacy,Sam's Club Pharmacy 10-4875,3055 Bear Creek Dr,2012034942,Wentzville,Missouri,63385,Class A (Community/Ambulatory); Class J (Shared Services),"3055 Bear Creek Dr, Wentzville, Missouri, 63385",-90.8817701,38.8146669
Pharmacy,Wal-Mart Pharmacy 10-3062,3536 W Mount Vernon St,2012034758,Springfield,Missouri,65802,Class A (Community/Ambulatory); Class J (Shared Services),"3536 W Mount Vernon St, Springfield, Missouri, 65802",-93.35116160000001,37.2033988
Pharmacy,CVS Pharmacy #10096,2100 1st Capitol Dr,2014030014,Saint Charles,Missouri,63301,Class A (Community/Ambulatory); Class C (Long-Term Care); Class D (Non-Sterile Compounding); Class J (Shared Services),"2100 1st Capitol Dr, Saint Charles, Missouri, 63301",-90.5038563,38.7826013
Pharmacy,Family Care Central Pharmacy,"1234 S. Kingshighway Blvd, Ste 1500",2014032494,Saint Louis,Missouri,63110,Class A (Community/Ambulatory); Class B (Hospital Pharmacy); Class C (Long-Term Care); Class J (Shared Services),"1234 S. Kingshighway Blvd, Ste 1500, Saint Louis, Missouri, 63110",-90.2639229,38.6246725
Pharmacy,Walgreens Specialty Pharmacy #21346,3527 Chouteau Ave,2008036662,Saint Louis,Missouri,63103,Class A (Community/Ambulatory); Class C (Long-Term Care); Class J (Shared Services),"3527 Chouteau Ave, Saint Louis, Missouri, 63103",-90.23513009999999,38.6259137
Pharmacy,Walgreens #12268,101 Industrial Park Dr,2009000985,Hollister,Missouri,65672,Class A (Community/Ambulatory); Class C (Long-Term Care); Class D (Non-Sterile Compounding); Class J (Shared Services),"101 Industrial Park Dr, Hollister, Missouri, 65672",-93.2289547,36.6104774
Pharmacy,Price Chopper Pharmacy #37,520 S Commercial,2009002980,Harrisonville,Missouri,64701,Class A (Community/Ambulatory),"520 S Commercial, Harrisonville, Missouri, 64701",-94.3599654,38.6527713
Pharmacy,Walmart Pharmacy 10-7072,2021 Independence St,2015001237,Cape Girardeau,Missouri,63703,Class A (Community/Ambulatory); Class J (Shared Services),"2021 Independence St, Cape Girardeau, Missouri, 63703",-89.5493207,37.3052343
Pharmacy,CVS/pharmacy #10355,1550 S New Florissant Rd,2014037320,Florissant,Missouri,63031,Class A (Community/Ambulatory); Class C (Long-Term Care); Class D (Non-Sterile Compounding); Class J (Shared Services),"1550 S New Florissant Rd, Florissant, Missouri, 63031",-90.3172886,38.7745735
Pharmacy,Country Mart Pharmacy #2151,190 Plaza Dr,2009007771,Sainte Genevieve,Missouri,63670,Class A (Community/Ambulatory); Class C (Long-Term Care); Class D (Non-Sterile Compounding),"190 Plaza Dr, Sainte Genevieve, Missouri, 63670",-90.0541978,37.9672646
Pharmacy,"Hils, LLC",800 N Morley St,2014039043,Moberly,Missouri,65270,Class A (Community/Ambulatory); Class C (Long-Term Care); Class J (Shared Services),"800 N Morley St, Moberly, Missouri, 65270",-92.432762,39.42825759999999
Pharmacy,Marceline Family Pharmacy,1509 N Missouri Ave,2013007136,Marceline,Missouri,64658,Class A (Community/Ambulatory); Class C (Long-Term Care); Class D (Non-Sterile Compounding),"1509 N Missouri Ave, Marceline, Missouri, 64658",-92.94245199999999,39.7276613
Pharmacy,St Louis University Infectious Diseases Allergy & Immunology,"1100 S Grand Blvd, First Floor",2013007639,Saint Louis,Missouri,63104,Class A (Community/Ambulatory); Class D (Non-Sterile Compounding); Class H (Sterile Product Compounding),"1100 S Grand Blvd, First Floor, Saint Louis, Missouri, 63104",-90.2361196,38.62464140000001
Pharmacy,BJC Behavioral Health Southeast Pharmacy,1085 Maple Street,2013015136,Farmington,Missouri,63640,Class A (Community/Ambulatory); Class J (Shared Services),"1085 Maple Street, Farmington, Missouri, 63640",-90.4367754,37.7878994
Pharmacy,DDCI Infusion Pharmacy,1060 W 10th St,2011004790,Rolla,Missouri,65401,Class A (Community/Ambulatory); Class H (Sterile Product Compounding),"1060 W 10th St, Rolla, Missouri, 65401",-91.78485119999999,37.9537133
Pharmacy,CVS Pharmacy #5645,930 N Belt Hwy,2009008060,Saint Joseph,Missouri,64506,Class A (Community/Ambulatory); Class C (Long-Term Care); Class D (Non-Sterile Compounding); Class J (Shared Services),"930 N Belt Hwy, Saint Joseph, Missouri, 64506",-94.80384049999999,39.7759774
Pharmacy,CVS Pharmacy #5693,8421 NW Prairie View Rd,2009008129,Kansas City,Missouri,64153,Class A (Community/Ambulatory); Class C (Long-Term Care); Class D (Non-Sterile Compounding); Class J (Shared Services),"8421 NW Prairie View Rd, Kansas City, Missouri, 64153",-94.6598843,39.2476569
Pharmacy,CVS Pharmacy #5697,3902 Main St,2009007784,Kansas City,Missouri,64111,Class A (Community/Ambulatory); Class C (Long-Term Care); Class D (Non-Sterile Compounding); Class J (Shared Services),"3902 Main St, Kansas City, Missouri, 64111",-94.5864199,39.0560131
Pharmacy,CVS Pharmacy #5655,1901 West Kansas St.,2009008292,Liberty,Missouri,64068,Class A (Community/Ambulatory); Class C (Long-Term Care); Class D (Non-Sterile Compounding); Class J (Shared Services),"1901 West Kansas St., Liberty, Missouri, 64068",-94.4496465,39.2438862
Pharmacy,Rogers LTC Pharmacy,3709 N Belt Hwy Ste D,2009010079,Saint Joseph,Missouri,64506,Class A (Community/Ambulatory); Class C (Long-Term Care); Class J (Shared Services),"3709 N Belt Hwy Ste D, Saint Joseph, Missouri, 64506",-94.8141821,39.8035408
Pharmacy,Walgreens Specialty Pharmacy #12927,2340 Hampton Ave,2009007931,Saint Louis,Missouri,63139,Class A (Community/Ambulatory); Class C (Long-Term Care); Class J (Shared Services),"2340 Hampton Ave, Saint Louis, Missouri, 63139",-90.2869113,38.6138776
Pharmacy,Sam's Pharmacy 10-4985,745 W El Camino Alto Dr,2009017977,Springfield,Missouri,65810,Class A (Community/Ambulatory); Class J (Shared Services),"745 W El Camino Alto Dr, Springfield, Missouri, 65810",-93.3034301,37.1305568
Pharmacy,CVS/pharmacy #10115,1220 E Republic Rd,2015000678,Springfield,Missouri,65804,Class A (Community/Ambulatory); Class C (Long-Term Care); Class D (Non-Sterile Compounding); Class J (Shared Services),"1220 E Republic Rd, Springfield, Missouri, 65804",-93.2776152,37.1371241
Pharmacy,CVS/pharmacy #10773,2120 West Osage St,2014043513,Pacific,Missouri,63069,Class A (Community/Ambulatory); Class C (Long-Term Care); Class D (Non-Sterile Compounding); Class J (Shared Services),"2120 West Osage St, Pacific, Missouri, 63069",-90.7689947,38.4839606
Pharmacy,Gosney Pharmacy,911 US Highway 24/36 East,2014043722,Monroe City,Missouri,63456,Class A (Community/Ambulatory); Class C (Long-Term Care); Class D (Non-Sterile Compounding),"911 US Highway 24/36 East, Monroe City, Missouri, 63456",-91.7203155,39.6575486
Pharmacy,CVS/pharmacy #10152,1501 East Ohio Street,2013009429,Clinton,Missouri,64735,Class A (Community/Ambulatory); Class C (Long-Term Care); Class D (Non-Sterile Compounding); Class J (Shared Services),"1501 East Ohio Street, Clinton, Missouri, 64735",-93.75124579999999,38.3668751
Pharmacy,Lakeland Pharmacy #7,110 Bear Dr Ste 4,2013004561,Willow Springs,Missouri,65793,Class A (Community/Ambulatory); Class C (Long-Term Care); Class J (Shared Services),"110 Bear Dr Ste 4, Willow Springs, Missouri, 65793",-91.94411079999999,36.9774016
Pharmacy,Phillips Family Pharmacy,2101 NW Platte Road,2013005206,Riverside,Missouri,64150,Class A (Community/Ambulatory); Class C (Long-Term Care); Class D (Non-Sterile Compounding),"2101 NW Platte Road, Riverside, Missouri, 64150",-94.6054029,39.1676901
Pharmacy,St. Joseph Outpatient Pharmacy,1000 Carondelet Dr,2015004637,Kansas City,Missouri,64114,Class A (Community/Ambulatory); Class D (Non-Sterile Compounding); Class J (Shared Services),"1000 Carondelet Dr, Kansas City, Missouri, 64114",-94.6030778,38.9356146
Pharmacy,Rinne Pharmacy,100 Deer Lick St,2014043698,Licking,Missouri,65542,Class A (Community/Ambulatory); Class C (Long-Term Care); Class J (Shared Services),"100 Deer Lick St, Licking, Missouri, 65542",-91.85565,37.4919197
Pharmacy,Mountain Grove Pharmacy Inc,106 N Union St,2015006569,Mountain Grove,Missouri,65711,Class A (Community/Ambulatory); Class C (Long-Term Care); Class J (Shared Services),"106 N Union St, Mountain Grove, Missouri, 65711",-92.2626171,37.12947
Pharmacy,CVS/pharmacy #10151,3045 West Republic Street,2013012057,Springfield,Missouri,65807,Class A (Community/Ambulatory); Class C (Long-Term Care); Class D (Non-Sterile Compounding); Class J (Shared Services),"3045 West Republic Street, Springfield, Missouri, 65807",-93.34085259999999,37.1389778
Pharmacy,Sinks Pharmacy,1435 N Main St,2013025859,Saint Clair,Missouri,63077,Class A (Community/Ambulatory); Class C (Long-Term Care); Class D (Non-Sterile Compounding); Class J (Shared Services),"1435 N Main St, Saint Clair, Missouri, 63077",-90.97779539999999,38.3595509
Pharmacy,Genoa Healthcare LLC,724 N 22nd St,2015006847,Saint Joseph,Missouri,64506,Class A (Community/Ambulatory); Class C (Long-Term Care); Class J (Shared Services),"724 N 22nd St, Saint Joseph, Missouri, 64506",-94.8347342,39.7738177
Pharmacy,Genoa Healthcare LLC,17844 E 23rd St Rm D404,2015006810,Independence,Missouri,64057,Class A (Community/Ambulatory); Class C (Long-Term Care); Class J (Shared Services),"17844 E 23rd St Rm D404, Independence, Missouri, 64057",-94.3713071,39.0792214
Pharmacy,Genoa Healthcare LLC,901 NE Independence Ave,2015006861,Lees Summit,Missouri,64086,Class A (Community/Ambulatory); Class C (Long-Term Care); Class J (Shared Services),"901 NE Independence Ave, Lees Summit, Missouri, 64086",-94.3640582,38.9289421
Pharmacy,Genoa Healthcare LLC,6801 E 117th St Ste A,2015006803,Kansas City,Missouri,64134,Class A (Community/Ambulatory); Class C (Long-Term Care); Class J (Shared Services),"6801 E 117th St Ste A, Kansas City, Missouri, 64134",-94.5137049,38.911491
Pharmacy,Genoa Healthcare LLC,1535 NE Rice Rd Ste A,2015006866,Lees Summit,Missouri,64086,Class A (Community/Ambulatory); Class C (Long-Term Care); Class J (Shared Services),"1535 NE Rice Rd Ste A, Lees Summit, Missouri, 64086",-94.35841140000001,38.9400803
Pharmacy,Parkland Pharmacy,1500 N Hwy 21,2013024667,Ironton,Missouri,63650,Class A (Community/Ambulatory); Class J (Shared Services),"1500 N Hwy 21, Ironton, Missouri, 63650",-90.6393614,37.6144833
Pharmacy,Sinks Pharmacy,1000 GW Ln Ste 105,2015014160,Waynesville,Missouri,65583,Class A (Community/Ambulatory); Class C (Long-Term Care); Class J (Shared Services),"1000 GW Ln Ste 105, Waynesville, Missouri, 65583",-92.2171336,37.8086393
Pharmacy,CVS/pharmacy #10471,101 East Karsch Blvd,2015023626,Farmington,Missouri,63640,Class A (Community/Ambulatory); Class C (Long-Term Care); Class D (Non-Sterile Compounding); Class J (Shared Services),"101 East Karsch Blvd, Farmington, Missouri, 63640",-90.41951689999999,37.7880347
Pharmacy,CVS/pharmacy #10003,105 Loyd Street,2013026369,Branson,Missouri,65616,Class A (Community/Ambulatory); Class C (Long-Term Care); Class D (Non-Sterile Compounding); Class J (Shared Services),"105 Loyd Street, Branson, Missouri, 65616",-93.2259947,36.6450308
Pharmacy,Tolson Drug,226 E High Street,2013027607,Jefferson City,Missouri,65101,Class A (Community/Ambulatory); Class C (Long-Term Care); Class D (Non-Sterile Compounding); Class H (Sterile Product Compounding),"226 E High Street, Jefferson City, Missouri, 65101",-92.1705073,38.5753394
Pharmacy,Walmart Pharmacy 10-5927,3390 N Hwy 67,2015026287,Florissant,Missouri,63033,Class A (Community/Ambulatory); Class J (Shared Services),"3390 N Hwy 67, Florissant, Missouri, 63033",-90.29258469999999,38.81113
Pharmacy,Sikeston Medicenter Pharmacy,507 N Main St,2015019988,Sikeston,Missouri,63801,Class A (Community/Ambulatory); Class C (Long-Term Care); Class J (Shared Services),"507 N Main St, Sikeston, Missouri, 63801",-89.5811459,36.8831595
Pharmacy,Walgreens #16360,300 W 19th Terrace,2015021023,Kansas City,Missouri,64108,Class A (Community/Ambulatory); Class D (Non-Sterile Compounding); Class J (Shared Services),"300 W 19th Terrace, Kansas City, Missouri, 64108",-94.58773,39.0906703
Pharmacy,Walgreens #10461,901 SW St Rte 150,2013040372,Lees Summit,Missouri,64082,Class A (Community/Ambulatory); Class J (Shared Services),"901 SW St Rte 150, Lees Summit, Missouri, 64082",-94.3977711,38.8526507
Pharmacy,Star Medical RX,2612 NE Industrial Drive,2013029217,Kansas City,Missouri,64117,Class A (Community/Ambulatory); Class J (Shared Services),"2612 NE Industrial Drive, Kansas City, Missouri, 64117",-94.5315755,39.1505526
Pharmacy,Sam's Club Pharmacy 10-8243,141 N Dean Ave,2013037339,Raymore,Missouri,64083,Class A (Community/Ambulatory); Class J (Shared Services),"141 N Dean Ave, Raymore, Missouri, 64083",-94.4909213,38.8109104
Pharmacy,CVS/pharmacy #10297,120 South Main St,2013038598,Sikeston,Missouri,63801,Class A (Community/Ambulatory); Class C (Long-Term Care); Class D (Non-Sterile Compounding); Class J (Shared Services),"120 South Main St, Sikeston, Missouri, 63801",-89.5792074,36.8785174
Pharmacy,CVS/pharmacy #10418,200 Jungermann Rd,2015041100,Saint Peters,Missouri,63376,Class A (Community/Ambulatory); Class C (Long-Term Care); Class D (Non-Sterile Compounding); Class J (Shared Services),"200 Jungermann Rd, Saint Peters, Missouri, 63376",-90.57699,38.7907666
Pharmacy,Prater's Pharmacy,1412 High St,2015029947,Sarcoxie,Missouri,64862,Class A (Community/Ambulatory); Class C (Long-Term Care); Class J (Shared Services),"1412 High St, Sarcoxie, Missouri, 64862",-94.1277063,37.0712
Pharmacy,CVS/pharmacy #10546,1580 Bryan Rd,2015039513,O Fallon,Missouri,63366,Class A (Community/Ambulatory); Class C (Long-Term Care); Class D (Non-Sterile Compounding); Class J (Shared Services),"1580 Bryan Rd, O Fallon, Missouri, 63366",-90.7367697,38.7738772
Pharmacy,CVS/pharmacy #10280,500 N Bishop Ave,2013038558,Rolla,Missouri,65401,Class A (Community/Ambulatory); Class C (Long-Term Care); Class D (Non-Sterile Compounding); Class J (Shared Services),"500 N Bishop Ave, Rolla, Missouri, 65401",-91.7768268,37.9481144
Pharmacy,Eldon Drug Company,101 S Maple St,2013042541,Eldon,Missouri,65026,Class A (Community/Ambulatory); Class C (Long-Term Care); Class D (Non-Sterile Compounding),"101 S Maple St, Eldon, Missouri, 65026",-92.57956,38.3494626
Pharmacy,Walmart Pharmacy 10-4470,25145 Demott Dr,2015044164,Joplin,Missouri,64801,Class A (Community/Ambulatory); Class J (Shared Services),"25145 Demott Dr, Joplin, Missouri, 64801",-94.5131408,37.1436401
Pharmacy,Iron County Drug Store,"1 Viburnum Center, Suite B",2015037740,Viburnum,Missouri,65566,Class A (Community/Ambulatory); Class C (Long-Term Care),"1 Viburnum Center, Suite B, Viburnum, Missouri, 65566",-91.1339903,37.7142253
Pharmacy,Transitions Pharmacy,323 E Grand St,2015033193,Springfield,Missouri,65807,Class A (Community/Ambulatory); Class C (Long-Term Care),"323 E Grand St, Springfield, Missouri, 65807",-93.2906424,37.1971941
Pharmacy,Access Family Care,530 S Maiden Lane,2015042967,Joplin,Missouri,64801,Class A (Community/Ambulatory),"530 S Maiden Lane, Joplin, Missouri, 64801",-94.5324242,37.08669829999999
Pharmacy,York & Company,609 W Washington Ave,2015041135,Richland,Missouri,65556,Class A (Community/Ambulatory); Class C (Long-Term Care),"609 W Washington Ave, Richland, Missouri, 65556",-92.4089611,37.8595447
Pharmacy,"John's Rx, LLLP",2003 Independence St,2015041871,Cape Girardeau,Missouri,63703,Class A (Community/Ambulatory); Class C (Long-Term Care); Class D (Non-Sterile Compounding); Class J (Shared Services),"2003 Independence St, Cape Girardeau, Missouri, 63703",-89.54824409999999,37.306446
Pharmacy,CVS/pharmacy #16006,15025 Manchester Rd,2015043659,Ballwin,Missouri,63011,Class A (Community/Ambulatory); Class D (Non-Sterile Compounding); Class J (Shared Services),"15025 Manchester Rd, Ballwin, Missouri, 63011",-90.5471359,38.5949619
Pharmacy,CVS/pharmacy #16067,2400 Bernadette Dr,2015043663,Columbia,Missouri,65203,Class A (Community/Ambulatory); Class D (Non-Sterile Compounding); Class J (Shared Services),"2400 Bernadette Dr, Columbia, Missouri, 65203",-92.3778141,38.9643552
Pharmacy,CVS/pharmacy #16418,1825 E Primrose St,2015043678,Springfield,Missouri,65804,Class A (Community/Ambulatory); Class D (Non-Sterile Compounding); Class J (Shared Services),"1825 E Primrose St, Springfield, Missouri, 65804",-93.26238839999999,37.1515381
Pharmacy,CVS/pharmacy #16420,6241 Mid Rivers Mall Dr,2015043644,Saint Peters,Missouri,63304,Class A (Community/Ambulatory); Class D (Non-Sterile Compounding); Class J (Shared Services),"6241 Mid Rivers Mall Dr, Saint Peters, Missouri, 63304",-90.63677969999999,38.7387932
Pharmacy,CVS/pharmacy #16476,25 Brentwood Promenade Ct,2015043675,Brentwood,Missouri,63144,Class A (Community/Ambulatory); Class D (Non-Sterile Compounding); Class J (Shared Services),"25 Brentwood Promenade Ct, Brentwood, Missouri, 63144",-90.34336689999999,38.6278986
Pharmacy,CVS/pharmacy #16535,8420 N Madison Ave,2015043674,Kansas City,Missouri,64155,Class A (Community/Ambulatory); Class D (Non-Sterile Compounding); Class J (Shared Services),"8420 N Madison Ave, Kansas City, Missouri, 64155",-94.595818,39.24883519999999
Pharmacy,CVS/pharmacy #16558,17810 E 39th St S,2015043639,Independence,Missouri,64055,Class A (Community/Ambulatory); Class D (Non-Sterile Compounding); Class J (Shared Services),"17810 E 39th St S, Independence, Missouri, 64055",-94.36952099999999,39.0511202
Pharmacy,CVS/pharmacy #16228,735 W Stadium Blvd,2015043689,Jefferson City,Missouri,65109,Class A (Community/Ambulatory); Class D (Non-Sterile Compounding); Class J (Shared Services),"735 W Stadium Blvd, Jefferson City, Missouri, 65109",-92.2136611,38.5791158
Pharmacy,CVS/pharmacy #16592,2300 Highway K,2015043672,O Fallon,Missouri,63368,Class A (Community/Ambulatory); Class D (Non-Sterile Compounding); Class J (Shared Services),"2300 Highway K, O Fallon, Missouri, 63368",-90.696137,38.7771213
Pharmacy,CVS/pharmacy #16731,1850 NW Chipman Rd,2015043654,Lees Summit,Missouri,64081,Class A (Community/Ambulatory); Class D (Non-Sterile Compounding); Class J (Shared Services),"1850 NW Chipman Rd, Lees Summit, Missouri, 64081",-94.40952860000002,38.9316746
Pharmacy,CVS/pharmacy #16623,3849 Vogel Rd,2015043679,Arnold,Missouri,63010,Class A (Community/Ambulatory); Class D (Non-Sterile Compounding); Class J (Shared Services),"3849 Vogel Rd, Arnold, Missouri, 63010",-90.3967263,38.412244
Pharmacy,CVS/pharmacy #16770,8509 State Line Rd,2015043646,Kansas City,Missouri,64114,Class A (Community/Ambulatory); Class D (Non-Sterile Compounding); Class J (Shared Services),"8509 State Line Rd, Kansas City, Missouri, 64114",-94.60727209999999,38.9715791
Pharmacy,CVS/pharmacy #16787,9220 NE Barry Rd,2015043655,Kansas City,Missouri,64157,Class A (Community/Ambulatory); Class D (Non-Sterile Compounding); Class J (Shared Services),"9220 NE Barry Rd, Kansas City, Missouri, 64157",-94.4635622,39.24797239999999
Pharmacy,CVS/pharmacy #16625,3881 Mexico Rd,2015043664,Saint Charles,Missouri,63303,Class A (Community/Ambulatory); Class D (Non-Sterile Compounding); Class J (Shared Services),"3881 Mexico Rd, Saint Charles, Missouri, 63303",-90.5624136,38.7871696
Pharmacy,CVS/pharmacy #16692,40 THF Blvd,2015043682,Chesterfield,Missouri,63005,Class A (Community/Ambulatory); Class D (Non-Sterile Compounding); Class J (Shared Services),"40 THF Blvd, Chesterfield, Missouri, 63005",-90.58524539999999,38.6665752
Pharmacy,CVS/pharmacy #16845,4255 Hampton Ave,2015043696,Saint Louis,Missouri,63109,Class A (Community/Ambulatory); Class D (Non-Sterile Compounding); Class J (Shared Services),"4255 Hampton Ave, Saint Louis, Missouri, 63109",-90.2956488,38.5926719
Pharmacy,CVS/pharmacy#16961,1201 W 136th St,2015043651,Kansas City,Missouri,64145,Class A (Community/Ambulatory); Class D (Non-Sterile Compounding); Class J (Shared Services),"1201 W 136th St, Kansas City, Missouri, 64145",-94.60678809999999,38.8796068
Pharmacy,CVS/pharmacy #17069,1272 Town & Country Crossing Dr,2015043628,Chesterfield,Missouri,63017,Class A (Community/Ambulatory); Class D (Non-Sterile Compounding); Class J (Shared Services),"1272 Town & Country Crossing Dr, Chesterfield, Missouri, 63017",-90.51691961353556,38.620198013834965
Pharmacy,CVS/pharmacy #17410,1883 Wentzville Pkwy,2015043638,Wentzville,Missouri,63385,Class A (Community/Ambulatory); Class D (Non-Sterile Compounding); Class J (Shared Services),"1883 Wentzville Pkwy, Wentzville, Missouri, 63385",-90.8810448,38.8195922
Pharmacy,CVS/pharmacy #17480,9040 N Skyview Ave,2015043637,Kansas City,Missouri,64154,Class A (Community/Ambulatory); Class D (Non-Sterile Compounding); Class J (Shared Services),"9040 N Skyview Ave, Kansas City, Missouri, 64154",-94.6555293,39.2574803
Pharmacy,CVS/pharmacy #17553,1040 NE Coronado,2015043632,Blue Springs,Missouri,64014,Class A (Community/Ambulatory); Class D (Non-Sterile Compounding); Class J (Shared Services),"1040 NE Coronado, Blue Springs, Missouri, 64014",-94.2482362,39.0234008
Pharmacy,CVS/pharmacy #17330,1851 Vernaci Dr,2015043642,Washington,Missouri,63090,Class A (Community/Ambulatory); Class D (Non-Sterile Compounding); Class J (Shared Services),"1851 Vernaci Dr, Washington, Missouri, 63090",-90.9837099,38.5365387
Pharmacy,"Healthdirect Institutional Pharmacy Services, Inc. #127",2000 Westport Center Dr,2016003017,Saint Louis,Missouri,63146,Class A (Community/Ambulatory); Class C (Long-Term Care); Class J (Shared Services),"2000 Westport Center Dr, Saint Louis, Missouri, 63146",-90.4202217,38.6929814
Pharmacy,Red Cross LTC Pharmacy,1000 N Jesse James Rd,2016003021,Excelsior Springs,Missouri,64024,Class A (Community/Ambulatory); Class C (Long-Term Care); Class H (Sterile Product Compounding); Class J (Shared Services),"1000 N Jesse James Rd, Excelsior Springs, Missouri, 64024",-94.235686,39.351419
Pharmacy,Stone's Corner Pharmacy,3201 McClelland Blvd,2016003016,Joplin,Missouri,64804,Class A (Community/Ambulatory); Class C (Long-Term Care); Class D (Non-Sterile Compounding); Class J (Shared Services),"3201 McClelland Blvd, Joplin, Missouri, 64804",-94.53298389999999,37.0542508
Pharmacy,Genoa Healthcare LLC,102 Compass Point Dr Ste A,2016008712,Saint Charles,Missouri,63301,Class A (Community/Ambulatory); Class C (Long-Term Care); Class J (Shared Services),"102 Compass Point Dr Ste A, Saint Charles, Missouri, 63301",-90.557597,38.7940142
Pharmacy,Kansas City CARE Clinic,3507 Broadway Blvd,2016006896,Kansas City,Missouri,64111,Class A (Community/Ambulatory); Class D (Non-Sterile Compounding),"3507 Broadway Blvd, Kansas City, Missouri, 64111",-94.59008370000001,39.0635912
Pharmacy,Community Pharmacy,900 S Adams St,2016010547,Nevada,Missouri,64772,Class A (Community/Ambulatory); Class C (Long-Term Care); Class D (Non-Sterile Compounding); Class J (Shared Services),"900 S Adams St, Nevada, Missouri, 64772",-94.3615179,37.8295693
Pharmacy,Webster Pharmacy,608 E Lockwood Ave,2016012058,Saint Louis,Missouri,63119,Class A (Community/Ambulatory); Class C (Long-Term Care); Class D (Non-Sterile Compounding),"608 E Lockwood Ave, Saint Louis, Missouri, 63119",-90.3395284,38.5908335
Pharmacy,Plaza Pharmacy,"24832 State Hwy 39, PO Box 419",2016013824,Shell Knob,Missouri,65747,Class A (Community/Ambulatory),"24832 State Hwy 39, PO Box 419, Shell Knob, Missouri, 65747",-93.62237979999999,36.626511
Pharmacy,MOPRO Test Pharmacy DBA2,3605 Missouri Boulevard,2025000964,Jefferson City,Missouri,65109,Class A (Community/Ambulatory); Class D (Non-Sterile Compounding),"3605 Missouri Boulevard, Jefferson City, Missouri, 65109",-92.25219299999999,38.5814877
Pharmacy,"Compass Health, Inc",1275 North Truman Blvd,2025004823,Festus,Missouri,63028,Class A (Community/Ambulatory); Class C (Long-Term Care); Class J (Shared Services),"1275 North Truman Blvd, Festus, Missouri, 63028",-90.39387959999999,38.2343232
Pharmacy,Central Ozarks Medical Center,1652 N Business Route 5,2025005319,Camdenton,Missouri,65020,Class A (Community/Ambulatory),"1652 N Business Route 5, Camdenton, Missouri, 65020",-92.76445149999999,38.0237136
Pharmacy,Noble Drug of Camdenton,932 N. Business Route 5,2025006585,Camdenton,Missouri,65020,Class A (Community/Ambulatory); Class D (Non-Sterile Compounding); Class J (Shared Services),"932 N. Business Route 5, Camdenton, Missouri, 65020",-92.756799,38.0170962
Pharmacy,Mizzou Pharmacy- Southwest Blvd.,"1500 Southwest Blvd, Suite D",2025008937,Jefferson City,Missouri,65109,Class A (Community/Ambulatory); Class J (Shared Services),"1500 Southwest Blvd, Suite D, Jefferson City, Missouri, 65109",-92.2019055,38.56180519999999
Pharmacy,Tipton Pharmacy,310 US Highway 50 West,2025011014,Tipton,Missouri,65081,Class A (Community/Ambulatory); Class C (Long-Term Care),"310 US Highway 50 West, Tipton, Missouri, 65081",-92.7843425,38.6519913
Pharmacy,Lake Regional Pharmacy- Camdenton,1930-C North Business Route 5,2025014191,Camdenton,Missouri,65020,Class A (Community/Ambulatory); Class C (Long-Term Care); Class J (Shared Services),"1930-C North Business Route 5, Camdenton, Missouri, 65020",-92.76714799999999,38.027812
Pharmacy,Lake Regional Pharmacy - Eldon,416-B Maple St.,2025014192,Eldon,Missouri,65026,Class A (Community/Ambulatory); Class C (Long-Term Care); Class J (Shared Services),"416-B Maple St., Eldon, Missouri, 65026",-92.5789154,38.34636
Pharmacy,Lake Regional Pharmacy - Osage Beach,1057 B Medical Park Dr,2025014199,Osage Beach,Missouri,65065,Class A (Community/Ambulatory); Class C (Long-Term Care); Class J (Shared Services),"1057 B Medical Park Dr, Osage Beach, Missouri, 65065",-92.6810668,38.121462
Pharmacy,Optime Care Inc.,4060 Wedgeway Court,2025017801,Earth City,Missouri,63045,Class A (Community/Ambulatory); Class J (Shared Services); Class M (Specialty Bleeding Disorder),"4060 Wedgeway Court, Earth City, Missouri, 63045",-90.46070259999999,38.7675551
Pharmacy,Branson Drug,168 S Payne Stewart Drive Suite 150,2025022142,Branson,Missouri,65616,Class A (Community/Ambulatory),"168 S Payne Stewart Drive Suite 150, Branson, Missouri, 65616",-93.234152,36.683483
Pharmacy,Sun Fresh Pharmacy #448,4001 Mill St,2025032753,Kansas City,Missouri,64111,Class A (Community/Ambulatory); Class J (Shared Services),"4001 Mill St, Kansas City, Missouri, 64111",-94.5947709,39.0545884
Pharmacy,Med Assist Pharmacy,11551 Adie Rd,2025033743,Maryland Heights,Missouri,63043,Class A (Community/Ambulatory); Class C (Long-Term Care); Class D (Non-Sterile Compounding); Class J (Shared Services),"11551 Adie Rd, Maryland Heights, Missouri, 63043",-90.42900619999999,38.7069165
Pharmacy,Genoa Healthcare LLC,686 Lester St  Suite P,2025034200,Poplar Bluff,Missouri,63901,Class A (Community/Ambulatory); Class C (Long-Term Care); Class J (Shared Services),"686 Lester St  Suite P, Poplar Bluff, Missouri, 63901",-90.39762549999999,36.7589532
Pharmacy,Amazon Pharmacy #038,4001 E 149th St Suite A-100,2025042714,Kansas City,Missouri,64147,Class A (Community/Ambulatory); Class J (Shared Services),"4001 E 149th St Suite A-100, Kansas City, Missouri, 64147",-94.545728,38.8523047
Pharmacy,Summers Pharmacy of Adrian,21 E Main St,2025051221,Adrian,Missouri,64720,Class A (Community/Ambulatory); Class C (Long-Term Care); Class D (Non-Sterile Compounding); Class J (Shared Services),"21 E Main St, Adrian, Missouri, 64720",-94.3527005,38.3972026
Pharmacy,SSM HEALTH PHARMACY,500 MEDICAL DR,2025052371,Wentzville,Missouri,63385,Class A (Community/Ambulatory); Class J (Shared Services),"500 MEDICAL DR, Wentzville, Missouri, 63385",-90.88067889999999,38.8225724
Pharmacy,Hometown Pharmacy,700 Highway 25 South,2025052440,Bloomfield,Missouri,63825,Class A (Community/Ambulatory); Class C (Long-Term Care),"700 Highway 25 South, Bloomfield, Missouri, 63825",-89.92659309999999,36.8807954
Pharmacy,SSM HEALTH  CARDINAL GLENNON CHILDRENS PHARMACY,1465 S GRAND BLVD,2025052482,Saint Louis,Missouri,63104,Class A (Community/Ambulatory); Class J (Shared Services),"1465 S GRAND BLVD, Saint Louis, Missouri, 63104",-90.23952059999999,38.6205489
Pharmacy,Brown Drug Palmyra,1208 S Main St.,2026000318,Palmyra,Missouri,63461,Class A (Community/Ambulatory); Class C (Long-Term Care); Class D (Non-Sterile Compounding); Class J (Shared Services),"1208 S Main St., Palmyra, Missouri, 63461",-91.52387460000001,39.7899907
Pharmacy,Boehringer Direct,"17877 Chesterfield Airport Rd, Suite 200",2026000706,Chesterfield,Missouri,63005,Class A (Community/Ambulatory); Class J (Shared Services),"17877 Chesterfield Airport Rd, Suite 200, Chesterfield, Missouri, 63005",-90.62948829999999,38.6699638
Pharmacy,John's Pharmacy Highlands,"225 Physician's Park Drive, Suite 100",2026002060,Poplar Bluff,Missouri,63901,Class A (Community/Ambulatory); Class J (Shared Services),"225 Physician's Park Drive, Suite 100, Poplar Bluff, Missouri, 63901",-90.4575096,36.7718149
Pharmacy,FAMILY CARE HEALTH CENTERS DUTCHTOWN PHARMACY,3824 SOUTH GRAND BOULEVARD,2026002612,Saint Louis,Missouri,63118,Class A (Community/Ambulatory),"3824 SOUTH GRAND BOULEVARD, Saint Louis, Missouri, 63118",-90.2444806,38.5871812
Pharmacy,WL Pharmacy #2,"17877 Chesterfield Airport Rd, Suite 300",2026002713,CHESTERFIELD,Missouri,63005,Class A (Community/Ambulatory); Class J (Shared Services),"17877 Chesterfield Airport Rd, Suite 300, CHESTERFIELD, Missouri, 63005",-90.62948829999999,38.6699638
Pharmacy,Four Rivers Pharmacy Salem,703 South Grand Avenue,2026003957,Salem,Missouri,65560,Class A (Community/Ambulatory); Class J (Shared Services),"703 South Grand Avenue, Salem, Missouri, 65560",-91.5435864,37.637665
Pharmacy,MINUTEMAN PHARMACY,545 S Business Hwy 13,2026004889,Lexington,Missouri,64067,Class A (Community/Ambulatory),"545 S Business Hwy 13, Lexington, Missouri, 64067",-93.8746429,39.175106
Pharmacy,CVS/pharmacy #17931,3444 W Sunshine St,2026007991,Springfield,Missouri,65807,Class A (Community/Ambulatory); Class C (Long-Term Care); Class D (Non-Sterile Compounding); Class J (Shared Services),"3444 W Sunshine St, Springfield, Missouri, 65807",-93.349282,37.1821448
Pharmacy,Mosaic Same Day Pharmacy,5325 Faraon St Room 1098,2026011309,Saint Joseph,Missouri,64506,Class A (Community/Ambulatory); Class J (Shared Services),"5325 Faraon St Room 1098, Saint Joseph, Missouri, 64506",-94.77045299999999,39.774262
Pharmacy,Mosaic Retail Pharmacy - Plaza 4,101 Mosaic Court Suite 101,2026011311,Saint Joseph,Missouri,64506,Class A (Community/Ambulatory); Class J (Shared Services),"101 Mosaic Court Suite 101, Saint Joseph, Missouri, 64506",-94.8022232,39.7898725
Pharmacy,Mosaic Specialty Pharmacy,101 Mosaic Court Suite 102,2026011313,Saint Joseph,Missouri,64506,Class A (Community/Ambulatory); Class J (Shared Services),"101 Mosaic Court Suite 102, Saint Joseph, Missouri, 64506",-94.8022232,39.7898725
Pharmacy,Berlener Pharmacy,119 Bavarian Hills Plaza,2026013671,Hermann,Missouri,65041,Class A (Community/Ambulatory); Class C (Long-Term Care),"119 Bavarian Hills Plaza, Hermann, Missouri, 65041",-91.4395029,38.6920535
